S,K,T,expiry,type,bid,ask,mid,iv_cboe,volume,openInterest,delta
7666.4502,4975.0,0.0383,2026-10-16,put,0.05,0.2,0.125,0.6991,0.0,830.0,-0.0004
7666.4502,5000.0,0.0383,2026-10-16,call,2743.7,2751.7,2747.7,0.7608,0.0,1947.0,0.9995
7666.4502,5000.0,0.0383,2026-10-16,put,0.05,0.2,0.125,0.6916,65.0,10300.0,-0.0004
7666.4502,5025.0,0.0383,2026-10-16,put,0.05,0.2,0.125,0.6842,10.0,1460.0,-0.0005
7666.4502,5050.0,0.0383,2026-10-16,put,0.05,0.2,0.125,0.6768,1.0,1453.0,-0.0005
7666.4502,5075.0,0.0383,2026-10-16,put,0.05,0.2,0.125,0.6695,2.0,2219.0,-0.0005
7666.4502,5100.0,0.0383,2026-10-16,put,0.05,0.25,0.15,0.6714,1.0,2038.0,-0.0005
7666.4502,5125.0,0.0383,2026-10-16,put,0.05,0.25,0.15,0.664,1.0,2409.0,-0.0005
7666.4502,5150.0,0.0383,2026-10-16,put,0.05,0.25,0.15,0.6566,1.0,3598.0,-0.0006
7666.4502,5175.0,0.0383,2026-10-16,put,0.05,0.25,0.15,0.6494,1.0,3219.0,-0.0006
7666.4502,5200.0,0.0383,2026-10-16,put,0.05,0.25,0.15,0.6421,4.0,3941.0,-0.0006
7666.4502,5225.0,0.0383,2026-10-16,put,0.05,0.25,0.15,0.6348,1.0,808.0,-0.0006
7666.4502,5250.0,0.0383,2026-10-16,put,0.1,0.25,0.175,0.6352,126.0,1831.0,-0.0006
7666.4502,5275.0,0.0383,2026-10-16,put,0.1,0.25,0.175,0.628,66.0,792.0,-0.0007
7666.4502,5300.0,0.0383,2026-10-16,put,0.1,0.25,0.175,0.6207,13.0,5826.0,-0.0007
7666.4502,5325.0,0.0383,2026-10-16,put,0.1,0.3,0.2,0.6201,1.0,766.0,-0.0007
7666.4502,5350.0,0.0383,2026-10-16,put,0.1,0.3,0.2,0.6129,1.0,3096.0,-0.0007
7666.4502,5375.0,0.0383,2026-10-16,put,0.1,0.3,0.2,0.6057,4.0,791.0,-0.0008
7666.4502,5400.0,0.0383,2026-10-16,put,0.1,0.3,0.2,0.5985,26.0,9534.0,-0.0008
7666.4502,5425.0,0.0383,2026-10-16,put,0.1,0.3,0.2,0.5913,0.0,1695.0,-0.0008
7666.4502,5450.0,0.0383,2026-10-16,put,0.1,0.3,0.2,0.5842,0.0,4871.0,-0.0009
7666.4502,5475.0,0.0383,2026-10-16,put,0.15,0.3,0.22499999999999998,0.5827,0.0,788.0,-0.0009
7666.4502,5500.0,0.0383,2026-10-16,put,0.15,0.3,0.22499999999999998,0.5756,1.0,14040.0,-0.0009
7666.4502,5525.0,0.0383,2026-10-16,put,0.15,0.35,0.25,0.5735,2.0,622.0,-0.001
7666.4502,5550.0,0.0383,2026-10-16,put,0.15,0.35,0.25,0.5664,4.0,1013.0,-0.001
7666.4502,5575.0,0.0383,2026-10-16,put,0.15,0.35,0.25,0.5593,10.0,754.0,-0.0011
7666.4502,5600.0,0.0383,2026-10-16,put,0.15,0.35,0.25,0.5522,0.0,7382.0,-0.0011
7666.4502,5625.0,0.0383,2026-10-16,put,0.15,0.35,0.25,0.5452,0.0,705.0,-0.0012
7666.4502,5650.0,0.0383,2026-10-16,put,0.2,0.4,0.30000000000000004,0.5467,7.0,3677.0,-0.0012
7666.4502,5675.0,0.0383,2026-10-16,put,0.2,0.4,0.30000000000000004,0.5396,1.0,2418.0,-0.0013
7666.4502,5700.0,0.0383,2026-10-16,put,0.2,0.4,0.30000000000000004,0.5325,0.0,6078.0,-0.0013
7666.4502,5725.0,0.0383,2026-10-16,put,0.2,0.4,0.30000000000000004,0.5255,0.0,1259.0,-0.0014
7666.4502,5750.0,0.0383,2026-10-16,put,0.25,0.4,0.325,0.5222,100.0,3122.0,-0.0014
7666.4502,5775.0,0.0383,2026-10-16,put,0.25,0.4,0.325,0.5152,0.0,1391.0,-0.0015
7666.4502,5800.0,0.0383,2026-10-16,put,0.25,0.4,0.325,0.5082,11.0,8413.0,-0.0016
7666.4502,5825.0,0.0383,2026-10-16,put,0.25,0.4,0.325,0.5012,2.0,1607.0,-0.0016
7666.4502,5850.0,0.0383,2026-10-16,put,0.3,0.45,0.375,0.5006,0.0,3288.0,-0.0017
7666.4502,5875.0,0.0383,2026-10-16,put,0.3,0.5,0.4,0.4966,0.0,1230.0,-0.0018
7666.4502,5900.0,0.0383,2026-10-16,put,0.3,0.5,0.4,0.4896,0.0,8719.0,-0.0019
7666.4502,5925.0,0.0383,2026-10-16,put,0.3,0.5,0.4,0.4826,70.0,2430.0,-0.002
7666.4502,5950.0,0.0383,2026-10-16,put,0.35,0.55,0.45,0.4808,20.0,2666.0,-0.0021
7666.4502,5975.0,0.0383,2026-10-16,put,0.35,0.55,0.45,0.4738,0.0,3373.0,-0.0022
7666.4502,6000.0,0.0383,2026-10-16,call,1745.6,1753.6,1749.6,0.4796,1.0,14936.0,0.9977
7666.4502,6000.0,0.0383,2026-10-16,put,0.4,0.55,0.47500000000000003,0.4693,360.0,31854.0,-0.0023
7666.4502,6025.0,0.0383,2026-10-16,put,0.4,0.6,0.5,0.4646,1.0,2220.0,-0.0024
7666.4502,6050.0,0.0383,2026-10-16,put,0.4,0.6,0.5,0.4576,1.0,5168.0,-0.0025
7666.4502,6075.0,0.0383,2026-10-16,put,0.4,0.65,0.525,0.4527,3.0,3350.0,-0.0026
7666.4502,6100.0,0.0383,2026-10-16,put,0.45,0.65,0.55,0.4478,1658.0,6192.0,-0.0028
7666.4502,6125.0,0.0383,2026-10-16,put,0.45,0.65,0.55,0.4407,1.0,2153.0,-0.0029
7666.4502,6140.0,0.0383,2026-10-16,put,0.5,0.7,0.6,0.4403,0.0,841.0,-0.003
7666.4502,6150.0,0.0383,2026-10-16,put,0.5,0.7,0.6,0.4375,2.0,2034.0,-0.003
7666.4502,6175.0,0.0383,2026-10-16,put,0.5,0.7,0.6,0.4305,76.0,1671.0,-0.0032
7666.4502,6200.0,0.0383,2026-10-16,put,0.55,0.75,0.65,0.427,28.0,8136.0,-0.0033
7666.4502,6210.0,0.0383,2026-10-16,put,0.55,0.75,0.65,0.4242,0.0,570.0,-0.0034
7666.4502,6220.0,0.0383,2026-10-16,put,0.55,0.75,0.65,0.4214,0.0,533.0,-0.0035
7666.4502,6225.0,0.0383,2026-10-16,put,0.55,0.75,0.65,0.42,1.0,1932.0,-0.0035
7666.4502,6230.0,0.0383,2026-10-16,put,0.55,0.75,0.65,0.4186,0.0,1034.0,-0.0035
7666.4502,6250.0,0.0383,2026-10-16,put,0.6,0.8,0.7,0.4161,1.0,8358.0,-0.0037
7666.4502,6260.0,0.0383,2026-10-16,put,0.6,0.8,0.7,0.4132,0.0,854.0,-0.0038
7666.4502,6275.0,0.0383,2026-10-16,put,0.6,0.8,0.7,0.409,1.0,1532.0,-0.0039
7666.4502,6280.0,0.0383,2026-10-16,put,0.6,0.8,0.7,0.4077,0.0,793.0,-0.0039
7666.4502,6290.0,0.0383,2026-10-16,put,0.6,0.85,0.725,0.4065,0.0,566.0,-0.004
7666.4502,6300.0,0.0383,2026-10-16,put,0.65,0.85,0.75,0.4049,3.0,9057.0,-0.004
7666.4502,6310.0,0.0383,2026-10-16,put,0.65,0.8,0.7250000000000001,0.4006,0.0,559.0,-0.0041
7666.4502,6320.0,0.0383,2026-10-16,put,0.65,0.85,0.75,0.3993,23.0,582.0,-0.0042
7666.4502,6325.0,0.0383,2026-10-16,put,0.65,0.85,0.75,0.3993,73.0,816.0,-0.0042
7666.4502,6350.0,0.0383,2026-10-16,put,0.7,0.9,0.8,0.3936,20.0,1426.0,-0.0045
7666.4502,6360.0,0.0383,2026-10-16,put,0.7,0.9,0.8,0.3908,3.0,922.0,-0.0046
7666.4502,6375.0,0.0383,2026-10-16,put,0.75,0.95,0.85,0.3891,22.0,765.0,-0.0047
7666.4502,6400.0,0.0383,2026-10-16,call,1346.6,1354.6,1350.6,0.3852,0.0,704.0,0.995
7666.4502,6400.0,0.0383,2026-10-16,put,0.75,0.95,0.85,0.3821,218.0,15209.0,-0.0049
7666.4502,6420.0,0.0383,2026-10-16,put,0.8,1.0,0.9,0.3788,0.0,1122.0,-0.0051
7666.4502,6425.0,0.0383,2026-10-16,put,0.8,1.0,0.9,0.3774,0.0,2089.0,-0.0052
7666.4502,6430.0,0.0383,2026-10-16,put,0.8,1.0,0.9,0.376,0.0,633.0,-0.0052
7666.4502,6440.0,0.0383,2026-10-16,put,0.8,1.05,0.925,0.3746,2.0,722.0,-0.0053
7666.4502,6450.0,0.0383,2026-10-16,put,0.85,1.05,0.95,0.3725,4500.0,7811.0,-0.0054
7666.4502,6460.0,0.0383,2026-10-16,put,0.85,1.05,0.95,0.37,0.0,593.0,-0.0055
7666.4502,6475.0,0.0383,2026-10-16,call,1272.1,1280.1,1276.1,0.3786,0.0,567.0,0.9943
7666.4502,6475.0,0.0383,2026-10-16,put,0.85,1.1,0.9750000000000001,0.3667,0.0,1734.0,-0.0057
7666.4502,6500.0,0.0383,2026-10-16,call,1246.9,1254.9,1250.9,0.3624,0.0,720.0,0.994
7666.4502,6500.0,0.0383,2026-10-16,put,0.9,1.1,1.0,0.3609,51.0,22742.0,-0.006
7666.4502,6510.0,0.0383,2026-10-16,put,0.9,1.15,1.025,0.359,0.0,629.0,-0.0061
7666.4502,6520.0,0.0383,2026-10-16,put,0.9,1.15,1.025,0.3562,0.0,1145.0,-0.0062
7666.4502,6525.0,0.0383,2026-10-16,put,0.95,1.15,1.0499999999999998,0.3558,23.0,833.0,-0.0063
7666.4502,6530.0,0.0383,2026-10-16,put,0.95,1.15,1.0499999999999998,0.3542,0.0,563.0,-0.0063
7666.4502,6540.0,0.0383,2026-10-16,put,0.95,1.2,1.075,0.3523,50.0,423.0,-0.0065
7666.4502,6550.0,0.0383,2026-10-16,call,1197.3,1205.3,1201.3,0.3593,0.0,1039.0,0.9934
7666.4502,6550.0,0.0383,2026-10-16,put,1.0,1.2,1.1,0.3504,142.0,4842.0,-0.0066
7666.4502,6560.0,0.0383,2026-10-16,put,1.0,1.2,1.1,0.3475,0.0,740.0,-0.0067
7666.4502,6570.0,0.0383,2026-10-16,put,1.0,1.25,1.125,0.3456,48.0,1804.0,-0.0069
7666.4502,6575.0,0.0383,2026-10-16,put,1.0,1.25,1.125,0.3444,60.0,1545.0,-0.0069
7666.4502,6580.0,0.0383,2026-10-16,put,1.0,1.25,1.125,0.343,2.0,1047.0,-0.007
7666.4502,6590.0,0.0383,2026-10-16,put,1.05,1.25,1.15,0.3418,0.0,1357.0,-0.0071
7666.4502,6600.0,0.0383,2026-10-16,call,1147.5,1155.5,1151.5,0.3483,0.0,4758.0,0.9927
7666.4502,6600.0,0.0383,2026-10-16,put,1.1,1.3,1.2000000000000002,0.3397,79.0,21023.0,-0.0073
7666.4502,6620.0,0.0383,2026-10-16,put,1.1,1.35,1.225,0.3349,0.0,729.0,-0.0076
7666.4502,6625.0,0.0383,2026-10-16,call,1122.4,1130.4,1126.4,0.3368,0.0,730.0,0.9923
7666.4502,6625.0,0.0383,2026-10-16,put,1.1,1.35,1.225,0.3336,0.0,3266.0,-0.0077
7666.4502,6640.0,0.0383,2026-10-16,put,1.1,1.35,1.225,0.3293,0.0,510.0,-0.0079
7666.4502,6650.0,0.0383,2026-10-16,call,1097.4,1105.4,1101.4,0.3283,36.0,4042.0,0.9919
7666.4502,6650.0,0.0383,2026-10-16,put,1.2,1.4,1.2999999999999998,0.3288,811.0,5943.0,-0.008
7666.4502,6660.0,0.0383,2026-10-16,put,1.15,1.4,1.275,0.3252,10.0,638.0,-0.0082
7666.4502,6670.0,0.0383,2026-10-16,put,1.2,1.45,1.325,0.3238,20.0,528.0,-0.0084
7666.4502,6675.0,0.0383,2026-10-16,call,1072.6,1080.6,1076.6,0.3257,0.0,1843.0,0.9915
7666.4502,6675.0,0.0383,2026-10-16,put,1.2,1.45,1.325,0.3223,1.0,1978.0,-0.0085
7666.4502,6690.0,0.0383,2026-10-16,put,1.2,1.45,1.325,0.3182,20.0,723.0,-0.0087
7666.4502,6700.0,0.0383,2026-10-16,call,1047.7,1055.7,1051.7,0.3201,0.0,6091.0,0.991
7666.4502,6700.0,0.0383,2026-10-16,put,1.3,1.5,1.4,0.3174,451.0,13822.0,-0.0089
7666.4502,6710.0,0.0383,2026-10-16,put,1.25,1.5,1.375,0.3139,3.0,920.0,-0.0091
7666.4502,6720.0,0.0383,2026-10-16,put,1.3,1.55,1.425,0.3124,1.0,932.0,-0.0093
7666.4502,6725.0,0.0383,2026-10-16,call,1022.9,1030.9,1026.9,0.3169,0.0,1421.0,0.9906
7666.4502,6725.0,0.0383,2026-10-16,put,1.3,1.55,1.425,0.3109,1.0,1685.0,-0.0094
7666.4502,6730.0,0.0383,2026-10-16,put,1.3,1.55,1.425,0.3095,3.0,615.0,-0.0095
7666.4502,6740.0,0.0383,2026-10-16,put,1.35,1.6,1.475,0.3079,18.0,1010.0,-0.0097
7666.4502,6750.0,0.0383,2026-10-16,call,998.0,1006.0,1002.0,0.3109,0.0,1732.0,0.99
7666.4502,6750.0,0.0383,2026-10-16,put,1.4,1.6,1.5,0.3057,1507.0,7115.0,-0.0099
7666.4502,6760.0,0.0383,2026-10-16,put,1.4,1.65,1.525,0.3035,2.0,514.0,-0.0101
7666.4502,6770.0,0.0383,2026-10-16,put,1.4,1.65,1.525,0.3006,0.0,512.0,-0.0103
7666.4502,6775.0,0.0383,2026-10-16,call,973.1,981.1,977.1,0.3049,0.0,1138.0,0.9895
7666.4502,6775.0,0.0383,2026-10-16,put,1.45,1.65,1.5499999999999998,0.3004,0.0,3576.0,-0.0104
7666.4502,6780.0,0.0383,2026-10-16,put,1.4,1.7,1.5499999999999998,0.2983,1.0,793.0,-0.0106
7666.4502,6800.0,0.0383,2026-10-16,call,948.2,956.2,952.2,0.2989,0.0,2172.0,0.9889
7666.4502,6800.0,0.0383,2026-10-16,put,1.5,1.75,1.625,0.2943,217.0,13595.0,-0.011
7666.4502,6810.0,0.0383,2026-10-16,put,1.5,1.75,1.625,0.2914,0.0,699.0,-0.0112
7666.4502,6820.0,0.0383,2026-10-16,put,1.55,1.8,1.675,0.2897,50.0,1645.0,-0.0115
7666.4502,6825.0,0.0383,2026-10-16,call,923.2,931.2,927.2,0.2906,0.0,931.0,0.9883
7666.4502,6825.0,0.0383,2026-10-16,put,1.55,1.8,1.675,0.2882,5.0,2943.0,-0.0116
7666.4502,6830.0,0.0383,2026-10-16,put,1.55,1.85,1.7000000000000002,0.2873,0.0,949.0,-0.0118
7666.4502,6840.0,0.0383,2026-10-16,put,1.6,1.85,1.725,0.285,0.0,1073.0,-0.012
7666.4502,6850.0,0.0383,2026-10-16,call,898.3,906.3,902.3,0.2845,0.0,2632.0,0.9877
7666.4502,6850.0,0.0383,2026-10-16,put,1.65,1.9,1.775,0.2831,64.0,4613.0,-0.0123
7666.4502,6860.0,0.0383,2026-10-16,put,1.65,1.9,1.775,0.2802,1.0,560.0,-0.0126
7666.4502,6870.0,0.0383,2026-10-16,put,1.7,1.95,1.825,0.2783,0.0,761.0,-0.0128
7666.4502,6875.0,0.0383,2026-10-16,call,873.3,881.3,877.3,0.2763,0.0,900.0,0.987
7666.4502,6875.0,0.0383,2026-10-16,put,1.7,1.95,1.825,0.2774,6.0,1673.0,-0.013
7666.4502,6880.0,0.0383,2026-10-16,put,1.7,2.0,1.85,0.2759,50.0,1289.0,-0.0131
7666.4502,6890.0,0.0383,2026-10-16,put,1.75,2.0,1.875,0.274,60.0,1071.0,-0.0134
7666.4502,6900.0,0.0383,2026-10-16,call,848.7,856.7,852.7,0.2758,0.0,2667.0,0.9862
7666.4502,6900.0,0.0383,2026-10-16,put,1.8,2.05,1.9249999999999998,0.2715,165.0,18800.0,-0.0138
7666.4502,6910.0,0.0383,2026-10-16,put,1.85,2.1,1.975,0.2695,11.0,1778.0,-0.0141
7666.4502,6920.0,0.0383,2026-10-16,put,1.85,2.15,2.0,0.2671,0.0,1780.0,-0.0144
7666.4502,6925.0,0.0383,2026-10-16,call,823.8,831.8,827.8,0.2694,0.0,737.0,0.9854
7666.4502,6925.0,0.0383,2026-10-16,put,1.9,2.15,2.025,0.266,202.0,6825.0,-0.0146
7666.4502,6930.0,0.0383,2026-10-16,put,1.9,2.15,2.025,0.2646,0.0,622.0,-0.0147
7666.4502,6950.0,0.0383,2026-10-16,call,798.8,806.8,802.8,0.2612,0.0,960.0,0.9845
7666.4502,6950.0,0.0383,2026-10-16,put,2.0,2.25,2.125,0.2604,491.0,6072.0,-0.0155
7666.4502,6960.0,0.0383,2026-10-16,put,2.0,2.3,2.15,0.2579,10.0,1081.0,-0.0158
7666.4502,6970.0,0.0383,2026-10-16,put,2.05,2.3,2.175,0.2553,0.0,805.0,-0.0162
7666.4502,6975.0,0.0383,2026-10-16,call,774.1,782.1,778.1,0.2579,0.0,573.0,0.9835
7666.4502,6975.0,0.0383,2026-10-16,put,2.1,2.35,2.225,0.2547,39.0,2312.0,-0.0164
7666.4502,6980.0,0.0383,2026-10-16,put,2.1,2.35,2.225,0.2532,61.0,632.0,-0.0167
7666.4502,6990.0,0.0383,2026-10-16,put,2.15,2.4,2.275,0.251,2400.0,3308.0,-0.0171
7666.4502,7000.0,0.0383,2026-10-16,call,750.9,754.8,752.8499999999999,0.2504,2301.0,205537.0,0.9824
7666.4502,7000.0,0.0383,2026-10-16,put,2.2,2.45,2.325,0.2488,2747.0,223836.0,-0.0175
7666.4502,7010.0,0.0383,2026-10-16,put,2.2,2.5,2.35,0.2462,0.0,843.0,-0.018
7666.4502,7020.0,0.0383,2026-10-16,put,2.25,2.55,2.4,0.2439,0.0,1471.0,-0.0184
7666.4502,7025.0,0.0383,2026-10-16,put,2.3,2.6,2.45,0.2432,78.0,762.0,-0.0187
7666.4502,7030.0,0.0383,2026-10-16,put,2.3,2.6,2.45,0.2417,0.0,897.0,-0.0189
7666.4502,7040.0,0.0383,2026-10-16,put,2.35,2.65,2.5,0.2394,0.0,652.0,-0.0194
7666.4502,7050.0,0.0383,2026-10-16,call,701.3,705.3,703.3,0.2384,0.0,1091.0,0.98
7666.4502,7050.0,0.0383,2026-10-16,put,2.45,2.7,2.575,0.2374,4807.0,6789.0,-0.02
7666.4502,7060.0,0.0383,2026-10-16,put,2.5,2.8,2.65,0.2354,95.0,966.0,-0.0206
7666.4502,7070.0,0.0383,2026-10-16,put,2.55,2.85,2.7,0.233,0.0,1028.0,-0.0211
7666.4502,7075.0,0.0383,2026-10-16,call,676.1,680.7,678.4000000000001,0.2335,0.0,575.0,0.9785
7666.4502,7075.0,0.0383,2026-10-16,put,2.6,2.85,2.725,0.2318,0.0,1211.0,-0.0214
7666.4502,7090.0,0.0383,2026-10-16,put,2.7,3.0,2.85,0.2288,0.0,758.0,-0.0224
7666.4502,7095.0,0.0383,2026-10-16,put,2.7,3.0,2.85,0.2273,500.0,597.0,-0.0227
7666.4502,7100.0,0.0383,2026-10-16,call,651.7,655.6,653.6500000000001,0.2271,1.0,2557.0,0.9769
7666.4502,7100.0,0.0383,2026-10-16,put,2.75,3.0,2.875,0.2261,2504.0,22560.0,-0.0231
7666.4502,7110.0,0.0383,2026-10-16,put,2.85,3.1,2.975,0.2242,4.0,22047.0,-0.0238
7666.4502,7115.0,0.0383,2026-10-16,put,2.85,3.1,2.975,0.2227,250.0,708.0,-0.0241
7666.4502,7120.0,0.0383,2026-10-16,put,2.9,3.2,3.05,0.222,0.0,1631.0,-0.0245
7666.4502,7125.0,0.0383,2026-10-16,call,626.6,631.3,628.95,0.2218,0.0,559.0,0.9751
7666.4502,7125.0,0.0383,2026-10-16,put,2.95,3.2,3.075,0.2208,300.0,5588.0,-0.0249
7666.4502,7130.0,0.0383,2026-10-16,put,3.0,3.3,3.15,0.2201,1.0,1101.0,-0.0253
7666.4502,7140.0,0.0383,2026-10-16,put,3.0,3.4,3.2,0.2175,8.0,1447.0,-0.0261
7666.4502,7145.0,0.0383,2026-10-16,put,3.1,3.4,3.25,0.2165,0.0,2099.0,-0.0265
7666.4502,7150.0,0.0383,2026-10-16,call,602.2,606.0,604.1,0.2163,1.0,1993.0,0.973
7666.4502,7150.0,0.0383,2026-10-16,put,3.1,3.5,3.3,0.216,719.0,8674.0,-0.027
7666.4502,7160.0,0.0383,2026-10-16,put,3.2,3.6,3.4000000000000004,0.2139,35.0,20428.0,-0.0279
7666.4502,7170.0,0.0383,2026-10-16,put,3.3,3.7,3.5,0.2113,4.0,1236.0,-0.0288
7666.4502,7175.0,0.0383,2026-10-16,call,577.1,581.7,579.4000000000001,0.2115,2.0,826.0,0.9706
7666.4502,7175.0,0.0383,2026-10-16,put,3.4,3.7,3.55,0.2102,257.0,3231.0,-0.0293
7666.4502,7180.0,0.0383,2026-10-16,put,3.4,3.8,3.5999999999999996,0.2091,1.0,1556.0,-0.0298
7666.4502,7190.0,0.0383,2026-10-16,put,3.5,3.9,3.7,0.2069,9.0,1389.0,-0.0309
7666.4502,7195.0,0.0383,2026-10-16,put,3.6,4.0,3.8,0.2063,100.0,242.0,-0.0314
7666.4502,7200.0,0.0383,2026-10-16,call,552.8,556.7,554.75,0.2055,0.0,4762.0,0.968
7666.4502,7200.0,0.0383,2026-10-16,put,3.7,4.0,3.85,0.2051,533.0,23552.0,-0.032
7666.4502,7210.0,0.0383,2026-10-16,put,3.8,4.2,4.0,0.2033,13.0,1258.0,-0.0332
7666.4502,7220.0,0.0383,2026-10-16,put,3.9,4.3,4.1,0.2009,0.0,1404.0,-0.0344
7666.4502,7225.0,0.0383,2026-10-16,call,527.8,532.4,530.0999999999999,0.2006,0.0,826.0,0.9649
7666.4502,7225.0,0.0383,2026-10-16,put,4.0,4.3,4.15,0.1998,4503.0,2710.0,-0.0351
7666.4502,7230.0,0.0383,2026-10-16,put,4.0,4.4,4.2,0.1986,3.0,768.0,-0.0358
7666.4502,7235.0,0.0383,2026-10-16,put,4.1,4.4,4.25,0.1974,1.0,569.0,-0.0365
7666.4502,7240.0,0.0383,2026-10-16,put,4.2,4.6,4.4,0.1969,62.0,479.0,-0.0372
7666.4502,7250.0,0.0383,2026-10-16,call,503.8,507.5,505.65,0.1953,4.0,7781.0,0.9613
7666.4502,7250.0,0.0383,2026-10-16,put,4.3,4.7,4.5,0.1945,1043.0,12422.0,-0.0387
7666.4502,7260.0,0.0383,2026-10-16,put,4.5,4.8,4.65,0.1924,16.0,812.0,-0.0403
7666.4502,7265.0,0.0383,2026-10-16,put,4.6,5.0,4.8,0.1918,27.0,966.0,-0.0411
7666.4502,7270.0,0.0383,2026-10-16,put,4.7,5.1,4.9,0.1909,2.0,900.0,-0.0419
7666.4502,7275.0,0.0383,2026-10-16,call,478.8,483.2,481.0,0.1905,0.0,924.0,0.9572
7666.4502,7275.0,0.0383,2026-10-16,put,4.8,5.1,4.949999999999999,0.1896,10.0,2435.0,-0.0428
7666.4502,7280.0,0.0383,2026-10-16,put,4.9,5.2,5.050000000000001,0.1887,5.0,841.0,-0.0437
7666.4502,7285.0,0.0383,2026-10-16,put,5.0,5.3,5.15,0.1877,30.0,1272.0,-0.0446
7666.4502,7290.0,0.0383,2026-10-16,put,5.1,5.4,5.25,0.1867,3.0,919.0,-0.0456
7666.4502,7300.0,0.0383,2026-10-16,call,454.7,458.4,456.54999999999995,0.1859,0.0,7408.0,0.9524
7666.4502,7300.0,0.0383,2026-10-16,put,5.3,5.7,5.5,0.1851,1625.0,21492.0,-0.0476
7666.4502,7305.0,0.0383,2026-10-16,put,5.4,5.8,5.6,0.184,0.0,989.0,-0.0487
7666.4502,7310.0,0.0383,2026-10-16,put,5.5,5.9,5.7,0.183,6.0,1357.0,-0.0497
7666.4502,7320.0,0.0383,2026-10-16,put,5.7,6.1,5.9,0.1808,24.0,1435.0,-0.052
7666.4502,7325.0,0.0383,2026-10-16,call,429.4,433.8,431.6,0.1754,0.0,793.0,0.9468
7666.4502,7325.0,0.0383,2026-10-16,put,5.9,6.2,6.050000000000001,0.18,26.0,3404.0,-0.0532
7666.4502,7340.0,0.0383,2026-10-16,put,6.3,6.7,6.5,0.1775,13.0,3063.0,-0.057
7666.4502,7345.0,0.0383,2026-10-16,put,6.4,6.8,6.6,0.1763,0.0,778.0,-0.0583
7666.4502,7350.0,0.0383,2026-10-16,call,405.4,410.1,407.75,0.1736,0.0,2171.0,0.9402
7666.4502,7350.0,0.0383,2026-10-16,put,6.6,6.9,6.75,0.1754,114.0,14465.0,-0.0597
7666.4502,7355.0,0.0383,2026-10-16,put,6.7,7.1,6.9,0.1745,7.0,712.0,-0.0612
7666.4502,7360.0,0.0383,2026-10-16,put,6.8,7.3,7.05,0.1738,7.0,503.0,-0.0626
7666.4502,7370.0,0.0383,2026-10-16,put,7.2,7.6,7.4,0.1718,13.0,732.0,-0.0657
7666.4502,7375.0,0.0383,2026-10-16,call,381.1,385.4,383.25,0.1673,16.0,763.0,0.9326
7666.4502,7375.0,0.0383,2026-10-16,put,7.4,7.8,7.6,0.1711,30.0,2698.0,-0.0673
7666.4502,7380.0,0.0383,2026-10-16,put,7.5,8.0,7.75,0.1703,105.0,844.0,-0.069
7666.4502,7385.0,0.0383,2026-10-16,put,7.7,8.2,7.949999999999999,0.1694,0.0,706.0,-0.0707
7666.4502,7390.0,0.0383,2026-10-16,put,7.9,8.4,8.15,0.1686,281.0,2243.0,-0.0725
7666.4502,7395.0,0.0383,2026-10-16,put,8.1,8.6,8.35,0.1677,67.0,342.0,-0.0743
7666.4502,7400.0,0.0383,2026-10-16,call,359.1,360.2,359.65,0.1661,40.0,7147.0,0.9237
7666.4502,7400.0,0.0383,2026-10-16,put,8.4,8.8,8.600000000000001,0.1668,567.0,20418.0,-0.0762
7666.4502,7410.0,0.0383,2026-10-16,put,8.8,9.2,9.0,0.1649,9.0,626.0,-0.0802
7666.4502,7415.0,0.0383,2026-10-16,put,9.0,9.5,9.25,0.1643,2.0,671.0,-0.0823
7666.4502,7420.0,0.0383,2026-10-16,put,9.3,9.7,9.5,0.1633,3.0,2876.0,-0.0844
7666.4502,7425.0,0.0383,2026-10-16,call,335.2,336.3,335.75,0.1618,2.0,665.0,0.9134
7666.4502,7425.0,0.0383,2026-10-16,put,9.6,10.0,9.8,0.1627,254.0,4491.0,-0.0866
7666.4502,7430.0,0.0383,2026-10-16,put,9.8,10.2,10.0,0.1616,162.0,1206.0,-0.0889
7666.4502,7435.0,0.0383,2026-10-16,put,10.0,10.5,10.25,0.1609,130.0,505.0,-0.0912
7666.4502,7440.0,0.0383,2026-10-16,put,10.3,10.8,10.55,0.1602,66.0,681.0,-0.0936
7666.4502,7445.0,0.0383,2026-10-16,put,10.6,11.1,10.85,0.1592,4.0,3486.0,-0.0961
7666.4502,7450.0,0.0383,2026-10-16,call,311.8,312.9,312.35,0.1575,33.0,2503.0,0.9012
7666.4502,7450.0,0.0383,2026-10-16,put,10.9,11.4,11.15,0.1584,1226.0,10679.0,-0.0987
7666.4502,7455.0,0.0383,2026-10-16,put,11.2,11.7,11.45,0.1576,221.0,670.0,-0.1014
7666.4502,7460.0,0.0383,2026-10-16,put,11.6,12.0,11.8,0.1569,34.0,678.0,-0.1041
7666.4502,7470.0,0.0383,2026-10-16,put,12.2,12.7,12.45,0.1548,12.0,606.0,-0.1098
7666.4502,7475.0,0.0383,2026-10-16,call,288.4,289.5,288.95,0.1536,8.0,1968.0,0.8871
7666.4502,7475.0,0.0383,2026-10-16,put,12.6,13.0,12.8,0.1544,1158.0,4234.0,-0.1128
7666.4502,7480.0,0.0383,2026-10-16,put,12.9,13.4,13.15,0.1535,153.0,458.0,-0.1159
7666.4502,7485.0,0.0383,2026-10-16,put,13.3,13.8,13.55,0.1525,185.0,865.0,-0.1191
7666.4502,7490.0,0.0383,2026-10-16,put,13.7,14.1,13.899999999999999,0.1519,272.0,1969.0,-0.1224
7666.4502,7495.0,0.0383,2026-10-16,put,14.1,14.6,14.35,0.151,465.0,638.0,-0.1258
7666.4502,7500.0,0.0383,2026-10-16,call,265.4,266.6,266.0,0.1497,69.0,9248.0,0.8707
7666.4502,7500.0,0.0383,2026-10-16,put,14.5,15.0,14.75,0.1501,1656.0,36407.0,-0.1292
7666.4502,7520.0,0.0383,2026-10-16,put,16.3,16.9,16.6,0.1474,112.0,1364.0,-0.1443
7666.4502,7525.0,0.0383,2026-10-16,call,242.7,243.9,243.3,0.1461,9.0,1075.0,0.8516
7666.4502,7525.0,0.0383,2026-10-16,put,16.8,17.4,17.1,0.1467,172.0,2216.0,-0.1483
7666.4502,7530.0,0.0383,2026-10-16,put,17.2,17.9,17.549999999999997,0.146,137.0,3021.0,-0.1525
7666.4502,7535.0,0.0383,2026-10-16,put,17.8,18.5,18.15,0.1451,82.0,414.0,-0.1568
7666.4502,7540.0,0.0383,2026-10-16,put,18.4,19.0,18.7,0.1444,88.0,683.0,-0.1612
7666.4502,7550.0,0.0383,2026-10-16,call,220.6,221.7,221.14999999999998,0.1424,29.0,3560.0,0.8296
7666.4502,7550.0,0.0383,2026-10-16,put,19.6,20.1,19.85,0.1429,423.0,6492.0,-0.1704
7666.4502,7560.0,0.0383,2026-10-16,put,20.8,21.4,21.1,0.1415,60.0,496.0,-0.1801
7666.4502,7565.0,0.0383,2026-10-16,put,21.4,22.0,21.7,0.1406,193.0,684.0,-0.1852
7666.4502,7570.0,0.0383,2026-10-16,put,22.1,22.7,22.4,0.14,10.0,718.0,-0.1904
7666.4502,7575.0,0.0383,2026-10-16,call,198.8,199.9,199.35000000000002,0.1385,3.0,1151.0,0.8042
7666.4502,7575.0,0.0383,2026-10-16,put,22.8,23.4,23.1,0.1393,662.0,2340.0,-0.1958
7666.4502,7580.0,0.0383,2026-10-16,put,23.5,24.1,23.8,0.1385,322.0,843.0,-0.2013
7666.4502,7585.0,0.0383,2026-10-16,put,24.2,24.8,24.5,0.1376,312.0,532.0,-0.207
7666.4502,7590.0,0.0383,2026-10-16,put,25.0,25.6,25.3,0.137,29.0,653.0,-0.2128
7666.4502,7600.0,0.0383,2026-10-16,call,177.6,178.7,178.14999999999998,0.135,120.0,12661.0,0.775
7666.4502,7600.0,0.0383,2026-10-16,put,26.6,27.2,26.9,0.1355,1253.0,15943.0,-0.2249
7666.4502,7610.0,0.0383,2026-10-16,call,169.4,170.5,169.95,0.1335,16.0,740.0,0.7622
7666.4502,7610.0,0.0383,2026-10-16,put,28.3,28.9,28.6,0.134,11.0,709.0,-0.2377
7666.4502,7615.0,0.0383,2026-10-16,call,165.3,166.4,165.85000000000002,0.1328,4.0,595.0,0.7556
7666.4502,7615.0,0.0383,2026-10-16,put,29.1,29.8,29.450000000000003,0.1332,15.0,654.0,-0.2444
7666.4502,7620.0,0.0383,2026-10-16,put,30.1,30.7,30.4,0.1326,198.0,435.0,-0.2512
7666.4502,7625.0,0.0383,2026-10-16,call,157.2,158.3,157.75,0.1313,77.0,2152.0,0.7418
7666.4502,7625.0,0.0383,2026-10-16,put,31.0,31.7,31.35,0.1318,335.0,5478.0,-0.2582
7666.4502,7630.0,0.0383,2026-10-16,call,153.1,154.2,153.64999999999998,0.1305,87.0,6744.0,0.7346
7666.4502,7630.0,0.0383,2026-10-16,put,32.0,32.7,32.35,0.1311,246.0,1073.0,-0.2653
7666.4502,7635.0,0.0383,2026-10-16,put,33.0,33.7,33.35,0.1304,240.0,851.0,-0.2727
7666.4502,7640.0,0.0383,2026-10-16,call,145.2,146.3,145.75,0.1291,13.0,757.0,0.7198
7666.4502,7640.0,0.0383,2026-10-16,put,34.1,34.8,34.45,0.1297,204.0,880.0,-0.2802
7666.4502,7645.0,0.0383,2026-10-16,call,141.3,142.4,141.85000000000002,0.1286,54.0,557.0,0.7121
7666.4502,7645.0,0.0383,2026-10-16,put,35.1,35.9,35.5,0.1289,99.0,534.0,-0.2879
7666.4502,7650.0,0.0383,2026-10-16,call,137.5,138.6,138.05,0.1278,335.0,7913.0,0.7042
7666.4502,7650.0,0.0383,2026-10-16,put,36.3,37.0,36.65,0.1283,2629.0,15263.0,-0.2958
7666.4502,7655.0,0.0383,2026-10-16,put,37.4,38.2,37.8,0.1275,37.0,550.0,-0.3038
7666.4502,7660.0,0.0383,2026-10-16,call,129.9,131.0,130.45,0.1264,58.0,676.0,0.6879
7666.4502,7660.0,0.0383,2026-10-16,put,38.6,39.4,39.0,0.1268,161.0,817.0,-0.3121
7666.4502,7665.0,0.0383,2026-10-16,call,126.2,127.2,126.7,0.1257,142.0,398.0,0.6794
7666.4502,7665.0,0.0383,2026-10-16,put,39.8,40.6,40.2,0.126,315.0,635.0,-0.3205
7666.4502,7670.0,0.0383,2026-10-16,call,122.6,123.6,123.1,0.1251,22.0,756.0,0.6708
7666.4502,7670.0,0.0383,2026-10-16,put,41.1,41.9,41.5,0.1254,189.0,752.0,-0.3291
7666.4502,7675.0,0.0383,2026-10-16,call,118.9,119.9,119.4,0.1243,639.0,3554.0,0.662
7666.4502,7675.0,0.0383,2026-10-16,put,42.5,43.2,42.85,0.1247,223.0,2671.0,-0.3379
7666.4502,7680.0,0.0383,2026-10-16,call,115.2,116.2,115.7,0.1237,70.0,550.0,0.6531
7666.4502,7680.0,0.0383,2026-10-16,put,43.8,44.6,44.2,0.124,73.0,587.0,-0.3469
7666.4502,7685.0,0.0383,2026-10-16,call,111.8,112.7,112.25,0.1231,250.0,503.0,0.6439
7666.4502,7700.0,0.0383,2026-10-16,call,101.3,102.3,101.8,0.1211,1706.0,20296.0,0.6153
7666.4502,7700.0,0.0383,2026-10-16,put,49.8,50.6,50.2,0.1214,2831.0,23235.0,-0.3846
7666.4502,7705.0,0.0383,2026-10-16,call,97.9,98.9,98.4,0.1204,297.0,939.0,0.6054
7666.4502,7705.0,0.0383,2026-10-16,put,51.3,52.2,51.75,0.1208,261.0,920.0,-0.3945
7666.4502,7710.0,0.0383,2026-10-16,call,94.6,95.6,95.1,0.1198,1.0,1172.0,0.5953
7666.4502,7710.0,0.0383,2026-10-16,put,53.0,53.9,53.45,0.1201,11.0,1294.0,-0.4046
7666.4502,7715.0,0.0383,2026-10-16,put,54.7,55.6,55.150000000000006,0.1194,2.0,628.0,-0.4148
7666.4502,7720.0,0.0383,2026-10-16,call,88.1,89.0,88.55,0.1184,164.0,477.0,0.5747
7666.4502,7720.0,0.0383,2026-10-16,put,56.4,57.4,56.9,0.1188,112.0,1074.0,-0.4252
7666.4502,7725.0,0.0383,2026-10-16,call,84.9,85.9,85.4,0.1179,815.0,3673.0,0.5641
7666.4502,7725.0,0.0383,2026-10-16,put,58.3,59.2,58.75,0.1181,41.0,3427.0,-0.4358
7666.4502,7730.0,0.0383,2026-10-16,call,81.8,82.7,82.25,0.1173,39.0,3026.0,0.5534
7666.4502,7730.0,0.0383,2026-10-16,put,60.2,61.0,60.6,0.1176,10.0,1424.0,-0.4465
7666.4502,7740.0,0.0383,2026-10-16,call,75.8,76.8,76.3,0.1159,55.0,683.0,0.5315
7666.4502,7745.0,0.0383,2026-10-16,call,72.8,73.8,73.3,0.1154,12.0,530.0,0.5204
7666.4502,7750.0,0.0383,2026-10-16,call,70.0,70.9,70.45,0.1148,3643.0,15770.0,0.5091
7666.4502,7750.0,0.0383,2026-10-16,put,68.3,69.2,68.75,0.1152,518.0,9309.0,-0.4909
7666.4502,7765.0,0.0383,2026-10-16,put,75.0,75.9,75.45,0.1134,5.0,643.0,-0.5254
7666.4502,7770.0,0.0383,2026-10-16,call,59.1,60.0,59.55,0.1126,51.0,843.0,0.4629
7666.4502,7770.0,0.0383,2026-10-16,put,77.3,78.3,77.8,0.1129,16.0,657.0,-0.537
7666.4502,7775.0,0.0383,2026-10-16,call,56.6,57.4,57.0,0.112,10.0,2384.0,0.4512
7666.4502,7775.0,0.0383,2026-10-16,put,79.8,80.8,80.3,0.1124,6.0,1025.0,-0.5488
7666.4502,7780.0,0.0383,2026-10-16,call,54.1,54.9,54.5,0.1115,31.0,752.0,0.4394
7666.4502,7785.0,0.0383,2026-10-16,call,51.6,52.5,52.05,0.1109,7.0,802.0,0.4275
7666.4502,7785.0,0.0383,2026-10-16,put,84.8,85.9,85.35,0.1114,55.0,208.0,-0.5724
7666.4502,7790.0,0.0383,2026-10-16,call,49.3,50.2,49.75,0.1105,70.0,6151.0,0.4156
7666.4502,7800.0,0.0383,2026-10-16,call,44.8,45.7,45.25,0.1095,4168.0,28580.0,0.3918
7666.4502,7800.0,0.0383,2026-10-16,put,93.0,94.0,93.5,0.1099,428.0,13007.0,-0.6081
7666.4502,7805.0,0.0383,2026-10-16,call,42.7,43.6,43.150000000000006,0.1091,237.0,552.0,0.38
7666.4502,7810.0,0.0383,2026-10-16,call,40.6,41.5,41.05,0.1086,76.0,762.0,0.3682
7666.4502,7815.0,0.0383,2026-10-16,call,38.6,39.4,39.0,0.1082,24.0,1327.0,0.3564
7666.4502,7820.0,0.0383,2026-10-16,call,36.6,37.6,37.1,0.1078,99.0,1347.0,0.3447
7666.4502,7825.0,0.0383,2026-10-16,call,34.8,35.6,35.2,0.1074,1537.0,4350.0,0.3331
7666.4502,7830.0,0.0383,2026-10-16,call,33.0,33.8,33.4,0.107,1314.0,2012.0,0.3215
7666.4502,7835.0,0.0383,2026-10-16,call,31.2,32.0,31.6,0.1066,150.0,402.0,0.3101
7666.4502,7840.0,0.0383,2026-10-16,call,29.6,30.4,30.0,0.1063,54.0,291.0,0.2989
7666.4502,7845.0,0.0383,2026-10-16,call,27.9,28.8,28.35,0.1058,14.0,874.0,0.2878
7666.4502,7850.0,0.0383,2026-10-16,call,26.4,27.2,26.799999999999997,0.1055,563.0,13381.0,0.2768
7666.4502,7850.0,0.0383,2026-10-16,put,124.5,125.5,125.0,0.1059,24.0,849.0,-0.7232
7666.4502,7855.0,0.0383,2026-10-16,call,25.0,25.7,25.35,0.1053,4.0,749.0,0.266
7666.4502,7860.0,0.0383,2026-10-16,call,23.5,24.3,23.9,0.1049,38.0,852.0,0.2554
7666.4502,7870.0,0.0383,2026-10-16,call,20.9,21.6,21.25,0.1043,144.0,5636.0,0.2348
7666.4502,7875.0,0.0383,2026-10-16,call,19.7,20.4,20.049999999999997,0.1041,1131.0,5437.0,0.2248
7666.4502,7880.0,0.0383,2026-10-16,call,18.5,19.2,18.85,0.1037,25.0,698.0,0.215
7666.4502,7890.0,0.0383,2026-10-16,call,16.3,17.0,16.65,0.1032,23.0,690.0,0.1962
7666.4502,7895.0,0.0383,2026-10-16,call,15.3,16.0,15.65,0.103,6.0,1701.0,0.1872
7666.4502,7900.0,0.0383,2026-10-16,call,14.3,15.0,14.65,0.1026,1111.0,17976.0,0.1784
7666.4502,7900.0,0.0383,2026-10-16,put,162.3,163.4,162.85000000000002,0.1032,0.0,762.0,-0.8216
7666.4502,7910.0,0.0383,2026-10-16,call,12.5,13.2,12.85,0.1023,48.0,789.0,0.1616
7666.4502,7915.0,0.0383,2026-10-16,call,11.7,12.4,12.05,0.1021,11.0,782.0,0.1536
7666.4502,7925.0,0.0383,2026-10-16,call,10.2,10.9,10.55,0.1018,75.0,2506.0,0.1384
7666.4502,7930.0,0.0383,2026-10-16,call,9.5,10.2,9.85,0.1016,159.0,1510.0,0.1312
7666.4502,7950.0,0.0383,2026-10-16,call,7.2,7.8,7.5,0.1012,53.0,14026.0,0.1052
7666.4502,7955.0,0.0383,2026-10-16,call,6.7,7.3,7.0,0.1012,9.0,2249.0,0.0994
7666.4502,7960.0,0.0383,2026-10-16,call,6.3,6.8,6.55,0.1012,97.0,692.0,0.0938
7666.4502,7965.0,0.0383,2026-10-16,call,5.8,6.3,6.05,0.1009,5.0,565.0,0.0885
7666.4502,7970.0,0.0383,2026-10-16,call,5.4,5.9,5.65,0.101,21.0,975.0,0.0835
7666.4502,7975.0,0.0383,2026-10-16,call,5.0,5.5,5.25,0.1009,271.0,3143.0,0.0787
7666.4502,7980.0,0.0383,2026-10-16,call,4.7,5.2,4.95,0.1012,13.0,526.0,0.0742
7666.4502,7985.0,0.0383,2026-10-16,call,4.3,4.9,4.6,0.1009,261.0,292.0,0.0699
7666.4502,7990.0,0.0383,2026-10-16,call,4.0,4.6,4.3,0.101,256.0,1164.0,0.0658
7666.4502,8000.0,0.0383,2026-10-16,call,3.5,3.9,3.7,0.1012,4546.0,213702.0,0.0583
7666.4502,8000.0,0.0383,2026-10-16,put,251.1,252.3,251.7,0.1025,2299.0,201399.0,-0.9416
7666.4502,8010.0,0.0383,2026-10-16,call,3.0,3.5,3.25,0.1013,3.0,687.0,0.0517
7666.4502,8020.0,0.0383,2026-10-16,call,2.65,3.0,2.825,0.1018,0.0,1410.0,0.0458
7666.4502,8025.0,0.0383,2026-10-16,call,2.45,2.8,2.625,0.1019,233.0,2241.0,0.0432
7666.4502,8030.0,0.0383,2026-10-16,call,2.3,2.65,2.4749999999999996,0.1022,4.0,1394.0,0.0407
7666.4502,8040.0,0.0383,2026-10-16,call,2.0,2.3,2.15,0.1025,281.0,743.0,0.0362
7666.4502,8050.0,0.0383,2026-10-16,call,1.75,2.05,1.9,0.1031,390.0,11680.0,0.0323
7666.4502,8060.0,0.0383,2026-10-16,call,1.55,1.85,1.7000000000000002,0.104,52.0,687.0,0.0289
7666.4502,8070.0,0.0383,2026-10-16,call,1.35,1.65,1.5,0.1046,7.0,1043.0,0.026
7666.4502,8075.0,0.0383,2026-10-16,call,1.25,1.55,1.4,0.1048,575.0,6485.0,0.0247
7666.4502,8080.0,0.0383,2026-10-16,call,1.2,1.5,1.35,0.1055,0.0,792.0,0.0234
7666.4502,8090.0,0.0383,2026-10-16,call,1.05,1.35,1.2000000000000002,0.1062,18.0,841.0,0.0212
7666.4502,8100.0,0.0383,2026-10-16,call,0.95,1.2,1.075,0.107,70.0,9975.0,0.0193
7666.4502,8100.0,0.0383,2026-10-16,put,347.2,351.2,349.2,0.1138,0.0,785.0,-0.9806
7666.4502,8105.0,0.0383,2026-10-16,call,0.9,1.15,1.025,0.1076,302.0,410.0,0.0185
7666.4502,8110.0,0.0383,2026-10-16,call,0.85,1.1,0.9750000000000001,0.1081,2.0,887.0,0.0177
7666.4502,8125.0,0.0383,2026-10-16,call,0.7,1.0,0.85,0.1097,12.0,5631.0,0.0156
7666.4502,8130.0,0.0383,2026-10-16,call,0.7,0.95,0.825,0.1105,1.0,533.0,0.015
7666.4502,8150.0,0.0383,2026-10-16,call,0.55,0.8,0.675,0.1124,335.0,7776.0,0.0129
7666.4502,8170.0,0.0383,2026-10-16,call,0.5,0.75,0.625,0.1154,0.0,694.0,0.0112
7666.4502,8175.0,0.0383,2026-10-16,call,0.45,0.7,0.575,0.1159,480.0,1139.0,0.0109
7666.4502,8200.0,0.0383,2026-10-16,call,0.4,0.6,0.5,0.1197,132.0,19089.0,0.0094
7666.4502,8225.0,0.0383,2026-10-16,call,0.35,0.6,0.475,0.1246,0.0,1110.0,0.0082
7666.4502,8250.0,0.0383,2026-10-16,call,0.3,0.5,0.4,0.1276,3.0,7420.0,0.0072
7666.4502,8250.0,0.0383,2026-10-16,put,493.6,501.6,497.6,0.1296,0.0,3357.0,-0.9927
7666.4502,8275.0,0.0383,2026-10-16,call,0.25,0.5,0.375,0.1321,0.0,2558.0,0.0064
7666.4502,8280.0,0.0383,2026-10-16,call,0.25,0.5,0.375,0.1332,0.0,790.0,0.0063
7666.4502,8300.0,0.0383,2026-10-16,call,0.25,0.45,0.35,0.1365,2.0,13204.0,0.0058
7666.4502,8310.0,0.0383,2026-10-16,call,0.2,0.45,0.325,0.1375,0.0,777.0,0.0055
7666.4502,8325.0,0.0383,2026-10-16,call,0.2,0.45,0.325,0.1407,0.0,754.0,0.0052
7666.4502,8350.0,0.0383,2026-10-16,call,0.2,0.4,0.30000000000000004,0.1447,600.0,2320.0,0.0047
7666.4502,8360.0,0.0383,2026-10-16,call,0.15,0.4,0.275,0.1454,0.0,620.0,0.0045
7666.4502,8375.0,0.0383,2026-10-16,call,0.15,0.4,0.275,0.1485,0.0,1027.0,0.0043
7666.4502,8400.0,0.0383,2026-10-16,call,0.15,0.35,0.25,0.1522,57.0,5641.0,0.0039
7666.4502,8425.0,0.0383,2026-10-16,call,0.15,0.35,0.25,0.1572,0.0,654.0,0.0036
7666.4502,8450.0,0.0383,2026-10-16,call,0.1,0.35,0.22499999999999998,0.1605,27.0,2958.0,0.0033
7666.4502,8475.0,0.0383,2026-10-16,call,0.1,0.3,0.2,0.1636,0.0,3081.0,0.003
7666.4502,8500.0,0.0383,2026-10-16,call,0.1,0.3,0.2,0.1684,0.0,8124.0,0.0028
7666.4502,8525.0,0.0383,2026-10-16,call,0.05,0.3,0.175,0.1711,0.0,828.0,0.0026
7666.4502,8550.0,0.0383,2026-10-16,call,0.05,0.25,0.15,0.1734,0.0,2327.0,0.0024
7666.4502,8575.0,0.0383,2026-10-16,call,0.05,0.25,0.15,0.1781,1.0,2423.0,0.0022
7666.4502,8600.0,0.0383,2026-10-16,call,0.05,0.25,0.15,0.1828,0.0,4071.0,0.002
7666.4502,8625.0,0.0383,2026-10-16,call,0.05,0.25,0.15,0.1874,0.0,2271.0,0.0019
7666.4502,6775.0,0.0082,2026-10-05,put,0.05,0.1,0.07500000000000001,0.4521,2302.0,2386.0,-0.0009
7666.4502,6800.0,0.0082,2026-10-05,put,0.05,0.1,0.07500000000000001,0.4405,102.0,959.0,-0.001
7666.4502,6825.0,0.0082,2026-10-05,put,0.05,0.1,0.07500000000000001,0.429,106.0,173.0,-0.0011
7666.4502,6850.0,0.0082,2026-10-05,put,0.05,0.15,0.1,0.4274,116.0,404.0,-0.0012
7666.4502,6900.0,0.0082,2026-10-05,put,0.05,0.15,0.1,0.404,59.0,547.0,-0.0014
7666.4502,7000.0,0.0082,2026-10-05,put,0.1,0.15,0.125,0.3643,727.0,1351.0,-0.0019
7666.4502,7025.0,0.0082,2026-10-05,put,0.1,0.2,0.15000000000000002,0.3583,20.0,772.0,-0.002
7666.4502,7050.0,0.0082,2026-10-05,put,0.1,0.2,0.15000000000000002,0.3464,33.0,792.0,-0.0022
7666.4502,7075.0,0.0082,2026-10-05,put,0.1,0.2,0.15000000000000002,0.3344,56.0,349.0,-0.0024
7666.4502,7080.0,0.0082,2026-10-05,put,0.1,0.2,0.15000000000000002,0.332,66.0,86.0,-0.0025
7666.4502,7090.0,0.0082,2026-10-05,put,0.1,0.2,0.15000000000000002,0.3272,305.0,370.0,-0.0025
7666.4502,7100.0,0.0082,2026-10-05,put,0.15,0.2,0.175,0.3271,634.0,1198.0,-0.0026
7666.4502,7150.0,0.0082,2026-10-05,put,0.15,0.25,0.2,0.3069,802.0,1268.0,-0.0032
7666.4502,7180.0,0.0082,2026-10-05,put,0.2,0.25,0.225,0.2957,124.0,144.0,-0.0035
7666.4502,7200.0,0.0082,2026-10-05,put,0.2,0.3,0.25,0.289,1404.0,1409.0,-0.0038
7666.4502,7225.0,0.0082,2026-10-05,put,0.2,0.3,0.25,0.2769,91.0,455.0,-0.0042
7666.4502,7245.0,0.0082,2026-10-05,put,0.25,0.3,0.275,0.2697,74.0,66.0,-0.0045
7666.4502,7250.0,0.0082,2026-10-05,put,0.25,0.35,0.3,0.2697,85.0,803.0,-0.0046
7666.4502,7265.0,0.0082,2026-10-05,put,0.25,0.35,0.3,0.2621,272.0,261.0,-0.0049
7666.4502,7290.0,0.0082,2026-10-05,put,0.3,0.35,0.32499999999999996,0.2516,56.0,3186.0,-0.0054
7666.4502,7300.0,0.0082,2026-10-05,put,0.3,0.4,0.35,0.2485,643.0,1123.0,-0.0057
7666.4502,7310.0,0.0082,2026-10-05,put,0.3,0.4,0.35,0.2433,87.0,199.0,-0.0059
7666.4502,7325.0,0.0082,2026-10-05,put,0.35,0.4,0.375,0.2375,201.0,830.0,-0.0064
7666.4502,7330.0,0.0082,2026-10-05,put,0.35,0.4,0.375,0.2349,53.0,492.0,-0.0065
7666.4502,7335.0,0.0082,2026-10-05,put,0.35,0.4,0.375,0.2323,149.0,149.0,-0.0066
7666.4502,7340.0,0.0082,2026-10-05,put,0.35,0.4,0.375,0.2298,78.0,213.0,-0.0068
7666.4502,7350.0,0.0082,2026-10-05,put,0.35,0.45,0.4,0.2262,114.0,396.0,-0.0071
7666.4502,7365.0,0.0082,2026-10-05,put,0.4,0.45,0.42500000000000004,0.2199,421.0,501.0,-0.0077
7666.4502,7370.0,0.0082,2026-10-05,put,0.4,0.45,0.42500000000000004,0.2173,67.0,242.0,-0.0079
7666.4502,7375.0,0.0082,2026-10-05,put,0.4,0.45,0.42500000000000004,0.2147,180.0,2062.0,-0.0081
7666.4502,7380.0,0.0082,2026-10-05,put,0.4,0.45,0.42500000000000004,0.2121,74.0,184.0,-0.0083
7666.4502,7385.0,0.0082,2026-10-05,put,0.4,0.5,0.45,0.2109,117.0,98.0,-0.0085
7666.4502,7390.0,0.0082,2026-10-05,put,0.4,0.5,0.45,0.2083,99.0,245.0,-0.0087
7666.4502,7395.0,0.0082,2026-10-05,put,0.4,0.5,0.45,0.2056,181.0,159.0,-0.009
7666.4502,7400.0,0.0082,2026-10-05,put,0.4,0.5,0.45,0.2029,5255.0,6480.0,-0.0092
7666.4502,7405.0,0.0082,2026-10-05,put,0.45,0.5,0.475,0.2016,166.0,338.0,-0.0095
7666.4502,7410.0,0.0082,2026-10-05,put,0.45,0.5,0.475,0.199,175.0,294.0,-0.0097
7666.4502,7415.0,0.0082,2026-10-05,put,0.45,0.5,0.475,0.1963,122.0,292.0,-0.01
7666.4502,7420.0,0.0082,2026-10-05,put,0.45,0.55,0.5,0.1949,191.0,455.0,-0.0103
7666.4502,7425.0,0.0082,2026-10-05,put,0.45,0.55,0.5,0.1922,665.0,1330.0,-0.0106
7666.4502,7430.0,0.0082,2026-10-05,put,0.45,0.55,0.5,0.1894,308.0,2458.0,-0.0109
7666.4502,7435.0,0.0082,2026-10-05,put,0.5,0.55,0.525,0.1879,196.0,751.0,-0.0112
7666.4502,7440.0,0.0082,2026-10-05,put,0.5,0.55,0.525,0.1851,246.0,565.0,-0.0116
7666.4502,7445.0,0.0082,2026-10-05,put,0.5,0.55,0.525,0.1824,190.0,272.0,-0.012
7666.4502,7450.0,0.0082,2026-10-05,put,0.5,0.6,0.55,0.1808,805.0,1748.0,-0.0124
7666.4502,7455.0,0.0082,2026-10-05,put,0.5,0.6,0.55,0.178,300.0,461.0,-0.0128
7666.4502,7460.0,0.0082,2026-10-05,put,0.55,0.6,0.575,0.1763,211.0,450.0,-0.0132
7666.4502,7465.0,0.0082,2026-10-05,put,0.55,0.6,0.575,0.1736,199.0,430.0,-0.0136
7666.4502,7470.0,0.0082,2026-10-05,put,0.55,0.65,0.6000000000000001,0.1718,330.0,503.0,-0.0141
7666.4502,7475.0,0.0082,2026-10-05,put,0.55,0.65,0.6000000000000001,0.169,1000.0,1935.0,-0.0146
7666.4502,7480.0,0.0082,2026-10-05,put,0.6,0.65,0.625,0.1672,623.0,6468.0,-0.0152
7666.4502,7485.0,0.0082,2026-10-05,put,0.6,0.7,0.6499999999999999,0.1653,211.0,235.0,-0.0158
7666.4502,7490.0,0.0082,2026-10-05,put,0.6,0.7,0.6499999999999999,0.1625,283.0,6452.0,-0.0164
7666.4502,7495.0,0.0082,2026-10-05,put,0.65,0.75,0.7,0.1614,380.0,1805.0,-0.0171
7666.4502,7500.0,0.0082,2026-10-05,put,0.65,0.75,0.7,0.1585,4507.0,5360.0,-0.0178
7666.4502,7505.0,0.0082,2026-10-05,put,0.7,0.8,0.75,0.1573,461.0,512.0,-0.0185
7666.4502,7510.0,0.0082,2026-10-05,put,0.7,0.8,0.75,0.1544,356.0,711.0,-0.0194
7666.4502,7515.0,0.0082,2026-10-05,put,0.75,0.85,0.8,0.153,412.0,379.0,-0.0203
7666.4502,7520.0,0.0082,2026-10-05,put,0.75,0.85,0.8,0.1501,281.0,576.0,-0.0213
7666.4502,7525.0,0.0082,2026-10-05,put,0.8,0.9,0.8500000000000001,0.1486,576.0,544.0,-0.0223
7666.4502,7530.0,0.0082,2026-10-05,put,0.85,0.95,0.8999999999999999,0.1469,223.0,347.0,-0.0235
7666.4502,7535.0,0.0082,2026-10-05,put,0.9,1.0,0.95,0.1452,415.0,322.0,-0.0248
7666.4502,7540.0,0.0082,2026-10-05,put,0.95,1.05,1.0,0.1434,468.0,322.0,-0.0261
7666.4502,7545.0,0.0082,2026-10-05,put,1.0,1.1,1.05,0.1415,464.0,332.0,-0.0277
7666.4502,7550.0,0.0082,2026-10-05,call,193.0,194.0,193.5,0.139,467.0,129.0,0.9707
7666.4502,7550.0,0.0082,2026-10-05,put,1.1,1.15,1.125,0.14,1794.0,2493.0,-0.0293
7666.4502,7555.0,0.0082,2026-10-05,put,1.1,1.2,1.15,0.1375,490.0,264.0,-0.0311
7666.4502,7560.0,0.0082,2026-10-05,put,1.2,1.3,1.25,0.1363,434.0,453.0,-0.0331
7666.4502,7565.0,0.0082,2026-10-05,put,1.25,1.4,1.325,0.1346,361.0,273.0,-0.0353
7666.4502,7570.0,0.0082,2026-10-05,put,1.35,1.45,1.4,0.1327,434.0,365.0,-0.0377
7666.4502,7575.0,0.0082,2026-10-05,call,168.4,169.4,168.9,0.1307,173.0,54.0,0.9597
7666.4502,7575.0,0.0082,2026-10-05,put,1.45,1.55,1.5,0.1312,525.0,1307.0,-0.0403
7666.4502,7580.0,0.0082,2026-10-05,put,1.6,1.7,1.65,0.1303,346.0,611.0,-0.0432
7666.4502,7585.0,0.0082,2026-10-05,put,1.7,1.8,1.75,0.1284,600.0,348.0,-0.0464
7666.4502,7590.0,0.0082,2026-10-05,put,1.85,1.95,1.9,0.1272,425.0,443.0,-0.0499
7666.4502,7595.0,0.0082,2026-10-05,put,2.0,2.1,2.05,0.1257,438.0,314.0,-0.0537
7666.4502,7600.0,0.0082,2026-10-05,call,144.1,145.1,144.6,0.1237,67.0,159.0,0.9421
7666.4502,7600.0,0.0082,2026-10-05,put,2.15,2.3,2.2249999999999996,0.1244,2587.0,2230.0,-0.0579
7666.4502,7605.0,0.0082,2026-10-05,put,2.35,2.45,2.4000000000000004,0.1229,315.0,218.0,-0.0624
7666.4502,7610.0,0.0082,2026-10-05,put,2.55,2.7,2.625,0.1216,314.0,558.0,-0.0674
7666.4502,7615.0,0.0082,2026-10-05,put,2.8,2.9,2.8499999999999996,0.1202,185.0,186.0,-0.0729
7666.4502,7620.0,0.0082,2026-10-05,call,125.1,126.0,125.55,0.1189,486.0,219.0,0.9211
7666.4502,7620.0,0.0082,2026-10-05,put,3.0,3.2,3.1,0.1192,1013.0,448.0,-0.0789
7666.4502,7625.0,0.0082,2026-10-05,call,120.3,121.2,120.75,0.1174,345.0,180.0,0.9146
7666.4502,7625.0,0.0082,2026-10-05,put,3.3,3.5,3.4,0.1177,1422.0,1338.0,-0.0854
7666.4502,7630.0,0.0082,2026-10-05,call,115.6,116.5,116.05,0.1161,613.0,144.0,0.9075
7666.4502,7630.0,0.0082,2026-10-05,put,3.6,3.8,3.7,0.1164,820.0,608.0,-0.0925
7666.4502,7635.0,0.0082,2026-10-05,call,110.9,111.9,111.4,0.115,896.0,327.0,0.8998
7666.4502,7635.0,0.0082,2026-10-05,put,3.9,4.1,4.0,0.1153,800.0,411.0,-0.1002
7666.4502,7640.0,0.0082,2026-10-05,call,106.3,107.2,106.75,0.1137,705.0,421.0,0.8914
7666.4502,7640.0,0.0082,2026-10-05,put,4.3,4.5,4.4,0.114,715.0,437.0,-0.1086
7666.4502,7645.0,0.0082,2026-10-05,call,101.7,102.6,102.15,0.1125,382.0,110.0,0.8823
7666.4502,7645.0,0.0082,2026-10-05,put,4.7,4.9,4.800000000000001,0.1124,903.0,376.0,-0.1177
7666.4502,7650.0,0.0082,2026-10-05,call,97.1,98.0,97.55,0.111,1198.0,340.0,0.8724
7666.4502,7650.0,0.0082,2026-10-05,put,5.1,5.3,5.199999999999999,0.1116,1903.0,1026.0,-0.1276
7666.4502,7655.0,0.0082,2026-10-05,call,92.6,93.5,93.05,0.11,349.0,137.0,0.8618
7666.4502,7655.0,0.0082,2026-10-05,put,5.6,5.8,5.699999999999999,0.1102,328.0,408.0,-0.1383
7666.4502,7660.0,0.0082,2026-10-05,call,88.1,89.0,88.55,0.1086,513.0,186.0,0.8502
7666.4502,7660.0,0.0082,2026-10-05,put,6.1,6.3,6.199999999999999,0.1091,632.0,582.0,-0.1498
7666.4502,7665.0,0.0082,2026-10-05,call,83.7,84.6,84.15,0.1075,405.0,184.0,0.8377
7666.4502,7665.0,0.0082,2026-10-05,put,6.7,6.9,6.800000000000001,0.1078,508.0,189.0,-0.1623
7666.4502,7670.0,0.0082,2026-10-05,call,79.3,80.2,79.75,0.1062,460.0,350.0,0.8242
7666.4502,7670.0,0.0082,2026-10-05,put,7.3,7.5,7.4,0.1064,456.0,554.0,-0.1758
7666.4502,7675.0,0.0082,2026-10-05,call,75.0,75.9,75.45,0.1051,1560.0,624.0,0.8098
7666.4502,7675.0,0.0082,2026-10-05,put,8.0,8.2,8.1,0.1053,2190.0,884.0,-0.1902
7666.4502,7680.0,0.0082,2026-10-05,call,70.8,71.7,71.25,0.1038,766.0,338.0,0.7942
7666.4502,7680.0,0.0082,2026-10-05,put,8.7,9.0,8.85,0.104,4659.0,1885.0,-0.2058
7666.4502,7685.0,0.0082,2026-10-05,call,66.6,67.5,67.05,0.1028,654.0,454.0,0.7776
7666.4502,7685.0,0.0082,2026-10-05,put,9.5,9.8,9.65,0.1028,499.0,799.0,-0.2224
7666.4502,7690.0,0.0082,2026-10-05,call,62.5,63.4,62.95,0.1016,717.0,482.0,0.7598
7666.4502,7690.0,0.0082,2026-10-05,put,10.4,10.7,10.55,0.1016,460.0,382.0,-0.2402
7666.4502,7695.0,0.0082,2026-10-05,call,58.5,59.4,58.95,0.1001,567.0,542.0,0.7408
7666.4502,7695.0,0.0082,2026-10-05,put,11.4,11.7,11.55,0.1005,155.0,663.0,-0.2592
7666.4502,7700.0,0.0082,2026-10-05,call,54.8,55.3,55.05,0.0993,4750.0,2965.0,0.7207
7666.4502,7700.0,0.0082,2026-10-05,put,12.5,12.8,12.65,0.0992,592.0,2006.0,-0.2793
7666.4502,7705.0,0.0082,2026-10-05,call,51.0,51.4,51.2,0.098,4491.0,1378.0,0.6993
7666.4502,7705.0,0.0082,2026-10-05,put,13.7,13.9,13.8,0.0982,4097.0,1867.0,-0.3007
7666.4502,7710.0,0.0082,2026-10-05,call,47.3,47.7,47.5,0.097,708.0,526.0,0.6767
7666.4502,7710.0,0.0082,2026-10-05,put,15.0,15.2,15.1,0.0972,70.0,1097.0,-0.3233
7666.4502,7715.0,0.0082,2026-10-05,call,43.7,44.0,43.85,0.0959,479.0,242.0,0.6529
7666.4502,7720.0,0.0082,2026-10-05,call,40.2,40.6,40.400000000000006,0.095,920.0,507.0,0.6279
7666.4502,7720.0,0.0082,2026-10-05,put,17.9,18.2,18.049999999999997,0.095,71.0,342.0,-0.3721
7666.4502,7725.0,0.0082,2026-10-05,call,36.9,37.2,37.05,0.094,1151.0,734.0,0.6018
7666.4502,7725.0,0.0082,2026-10-05,put,19.5,19.8,19.65,0.094,50.0,279.0,-0.3982
7666.4502,7730.0,0.0082,2026-10-05,call,33.7,34.1,33.900000000000006,0.093,4859.0,2120.0,0.5746
7666.4502,7730.0,0.0082,2026-10-05,put,21.3,21.6,21.450000000000003,0.0928,83.0,446.0,-0.4254
7666.4502,7735.0,0.0082,2026-10-05,call,30.7,31.0,30.85,0.0919,719.0,285.0,0.5464
7666.4502,7740.0,0.0082,2026-10-05,call,27.8,28.1,27.950000000000003,0.0911,1194.0,973.0,0.5174
7666.4502,7740.0,0.0082,2026-10-05,put,25.4,25.7,25.549999999999997,0.0912,78.0,172.0,-0.4826
7666.4502,7745.0,0.0082,2026-10-05,call,25.0,25.3,25.15,0.0902,1030.0,446.0,0.4877
7666.4502,7750.0,0.0082,2026-10-05,call,22.4,22.7,22.549999999999997,0.0893,2880.0,3124.0,0.4574
7666.4502,7750.0,0.0082,2026-10-05,put,30.1,30.4,30.25,0.0893,103.0,1572.0,-0.5426
7666.4502,7755.0,0.0082,2026-10-05,call,20.0,20.3,20.15,0.0884,442.0,425.0,0.4269
7666.4502,7760.0,0.0082,2026-10-05,call,17.7,18.0,17.85,0.0877,509.0,666.0,0.3962
7666.4502,7760.0,0.0082,2026-10-05,put,35.3,35.7,35.5,0.0877,184.0,346.0,-0.6038
7666.4502,7765.0,0.0082,2026-10-05,call,15.7,16.0,15.85,0.0871,1022.0,747.0,0.3658
7666.4502,7770.0,0.0082,2026-10-05,call,13.8,14.1,13.95,0.0861,1366.0,838.0,0.3359
7666.4502,7775.0,0.0082,2026-10-05,call,12.0,12.3,12.15,0.0857,721.0,1137.0,0.3067
7666.4502,7780.0,0.0082,2026-10-05,call,10.4,10.7,10.55,0.0851,522.0,470.0,0.2786
7666.4502,7785.0,0.0082,2026-10-05,call,9.0,9.3,9.15,0.0845,567.0,365.0,0.2516
7666.4502,7790.0,0.0082,2026-10-05,call,7.8,8.0,7.9,0.0841,541.0,1053.0,0.226
7666.4502,7795.0,0.0082,2026-10-05,call,6.7,6.9,6.800000000000001,0.0836,384.0,315.0,0.2018
7666.4502,7800.0,0.0082,2026-10-05,call,5.7,5.9,5.800000000000001,0.0833,1708.0,2383.0,0.1793
7666.4502,7805.0,0.0082,2026-10-05,call,4.8,5.0,4.9,0.0831,508.0,408.0,0.1584
7666.4502,7810.0,0.0082,2026-10-05,call,4.1,4.3,4.199999999999999,0.083,585.0,1069.0,0.1392
7666.4502,7815.0,0.0082,2026-10-05,call,3.4,3.6,3.5,0.0828,514.0,1207.0,0.1218
7666.4502,7820.0,0.0082,2026-10-05,call,2.9,3.1,3.0,0.0828,696.0,840.0,0.106
7666.4502,7825.0,0.0082,2026-10-05,call,2.5,2.55,2.525,0.0831,1275.0,1393.0,0.0918
7666.4502,7830.0,0.0082,2026-10-05,call,2.05,2.15,2.0999999999999996,0.083,219.0,758.0,0.0792
7666.4502,7835.0,0.0082,2026-10-05,call,1.7,1.85,1.775,0.083,210.0,297.0,0.0682
7666.4502,7840.0,0.0082,2026-10-05,call,1.45,1.55,1.5,0.0834,485.0,873.0,0.0585
7666.4502,7845.0,0.0082,2026-10-05,call,1.2,1.3,1.25,0.0836,182.0,266.0,0.0501
7666.4502,7850.0,0.0082,2026-10-05,call,1.0,1.1,1.05,0.0839,1048.0,2292.0,0.0429
7666.4502,7855.0,0.0082,2026-10-05,call,0.85,0.95,0.8999999999999999,0.0846,157.0,2066.0,0.0368
7666.4502,7860.0,0.0082,2026-10-05,call,0.7,0.8,0.75,0.0849,268.0,2033.0,0.0316
7666.4502,7865.0,0.0082,2026-10-05,call,0.6,0.7,0.6499999999999999,0.0858,58.0,339.0,0.0271
7666.4502,7870.0,0.0082,2026-10-05,call,0.5,0.6,0.55,0.0863,571.0,605.0,0.0234
7666.4502,7875.0,0.0082,2026-10-05,call,0.45,0.5,0.475,0.0872,299.0,2051.0,0.0203
7666.4502,7880.0,0.0082,2026-10-05,call,0.35,0.45,0.4,0.0877,52.0,281.0,0.0177
7666.4502,7890.0,0.0082,2026-10-05,call,0.25,0.35,0.3,0.0894,265.0,491.0,0.0138
7666.4502,7895.0,0.0082,2026-10-05,call,0.25,0.3,0.275,0.091,127.0,448.0,0.0122
7666.4502,7900.0,0.0082,2026-10-05,call,0.2,0.3,0.25,0.0924,476.0,3431.0,0.011
7666.4502,7905.0,0.0082,2026-10-05,call,0.2,0.3,0.25,0.0949,70.0,685.0,0.0099
7666.4502,7910.0,0.0082,2026-10-05,call,0.15,0.25,0.2,0.0948,294.0,533.0,0.009
7666.4502,7915.0,0.0082,2026-10-05,call,0.15,0.25,0.2,0.0973,139.0,623.0,0.0082
7666.4502,7925.0,0.0082,2026-10-05,call,0.1,0.2,0.15000000000000002,0.0988,500.0,1190.0,0.007
7666.4502,7930.0,0.0082,2026-10-05,call,0.1,0.2,0.15000000000000002,0.1012,160.0,648.0,0.0066
7666.4502,7940.0,0.0082,2026-10-05,call,0.1,0.15,0.125,0.1038,292.0,786.0,0.0058
7666.4502,7950.0,0.0082,2026-10-05,call,0.1,0.15,0.125,0.1083,53.0,1238.0,0.0052
7666.4502,7960.0,0.0082,2026-10-05,call,0.05,0.15,0.1,0.1102,10.0,1026.0,0.0048
7666.4502,7970.0,0.0082,2026-10-05,call,0.05,0.15,0.1,0.1148,102.0,911.0,0.0044
7666.4502,7975.0,0.0082,2026-10-05,call,0.05,0.15,0.1,0.117,155.0,1360.0,0.0042
7666.4502,8000.0,0.0082,2026-10-05,call,0.05,0.1,0.07500000000000001,0.1245,320.0,3884.0,0.0036
7666.4502,8025.0,0.0082,2026-10-05,call,0.05,0.15,0.1,0.1394,173.0,1176.0,0.0031
7666.4502,8050.0,0.0082,2026-10-05,call,0.05,0.15,0.1,0.1499,471.0,2807.0,0.0027
7666.4502,8075.0,0.0082,2026-10-05,call,0.05,0.1,0.07500000000000001,0.1565,252.0,459.0,0.0024
7666.4502,8100.0,0.0082,2026-10-05,call,0.05,0.1,0.07500000000000001,0.1669,106.0,454.0,0.0022
7666.4502,8125.0,0.0082,2026-10-05,call,0.05,0.1,0.07500000000000001,0.1772,184.0,1117.0,0.0019
7666.4502,6500.0,0.011,2026-10-06,put,0.05,0.1,0.07500000000000001,0.509,296.0,693.0,-0.0007
7666.4502,6525.0,0.011,2026-10-06,put,0.05,0.1,0.07500000000000001,0.4986,66.0,119.0,-0.0007
7666.4502,6600.0,0.011,2026-10-06,put,0.05,0.1,0.07500000000000001,0.4676,60.0,450.0,-0.0008
7666.4502,6625.0,0.011,2026-10-06,put,0.05,0.15,0.1,0.4679,171.0,243.0,-0.0009
7666.4502,6675.0,0.011,2026-10-06,put,0.05,0.15,0.1,0.447,0.0,525.0,-0.001
7666.4502,6700.0,0.011,2026-10-06,put,0.05,0.15,0.1,0.4366,374.0,653.0,-0.0011
7666.4502,6800.0,0.011,2026-10-06,put,0.1,0.15,0.125,0.4026,225.0,411.0,-0.0014
7666.4502,7000.0,0.011,2026-10-06,put,0.15,0.25,0.2,0.3333,82.0,176.0,-0.0026
7666.4502,7100.0,0.011,2026-10-06,put,0.25,0.3,0.275,0.2999,42.0,510.0,-0.0035
7666.4502,7175.0,0.011,2026-10-06,put,0.3,0.4,0.35,0.2739,52.0,130.0,-0.0046
7666.4502,7200.0,0.011,2026-10-06,put,0.3,0.4,0.35,0.2628,19.0,3221.0,-0.0051
7666.4502,7275.0,0.011,2026-10-06,put,0.4,0.5,0.45,0.2357,213.0,296.0,-0.0068
7666.4502,7300.0,0.011,2026-10-06,put,0.45,0.5,0.475,0.2257,446.0,1669.0,-0.0076
7666.4502,7325.0,0.011,2026-10-06,put,0.45,0.55,0.5,0.2154,67.0,350.0,-0.0086
7666.4502,7335.0,0.011,2026-10-06,put,0.45,0.55,0.5,0.2108,86.0,80.0,-0.009
7666.4502,7350.0,0.011,2026-10-06,put,0.5,0.6,0.55,0.2062,79.0,286.0,-0.0097
7666.4502,7360.0,0.011,2026-10-06,put,0.5,0.6,0.55,0.2015,353.0,381.0,-0.0102
7666.4502,7375.0,0.011,2026-10-06,put,0.55,0.65,0.6000000000000001,0.1965,152.0,773.0,-0.011
7666.4502,7380.0,0.011,2026-10-06,put,0.55,0.65,0.6000000000000001,0.1941,137.0,242.0,-0.0113
7666.4502,7385.0,0.011,2026-10-06,put,0.55,0.65,0.6000000000000001,0.1917,57.0,203.0,-0.0116
7666.4502,7390.0,0.011,2026-10-06,put,0.6,0.65,0.625,0.1903,139.0,488.0,-0.012
7666.4502,7400.0,0.011,2026-10-06,put,0.6,0.7,0.6499999999999999,0.1864,403.0,1471.0,-0.0127
7666.4502,7410.0,0.011,2026-10-06,put,0.65,0.75,0.7,0.1834,564.0,396.0,-0.0135
7666.4502,7415.0,0.011,2026-10-06,put,0.65,0.75,0.7,0.181,91.0,220.0,-0.0139
7666.4502,7420.0,0.011,2026-10-06,put,0.65,0.75,0.7,0.1785,216.0,264.0,-0.0143
7666.4502,7425.0,0.011,2026-10-06,put,0.7,0.8,0.75,0.1777,134.0,451.0,-0.0148
7666.4502,7430.0,0.011,2026-10-06,put,0.7,0.8,0.75,0.1753,201.0,229.0,-0.0153
7666.4502,7440.0,0.011,2026-10-06,put,0.75,0.85,0.8,0.1719,149.0,309.0,-0.0164
7666.4502,7445.0,0.011,2026-10-06,put,0.75,0.85,0.8,0.1694,66.0,1776.0,-0.0169
7666.4502,7450.0,0.011,2026-10-06,put,0.8,0.9,0.8500000000000001,0.1684,494.0,3030.0,-0.0176
7666.4502,7455.0,0.011,2026-10-06,put,0.8,0.9,0.8500000000000001,0.1658,157.0,207.0,-0.0182
7666.4502,7460.0,0.011,2026-10-06,put,0.85,0.95,0.8999999999999999,0.1647,400.0,569.0,-0.0189
7666.4502,7465.0,0.011,2026-10-06,put,0.85,0.95,0.8999999999999999,0.1621,113.0,273.0,-0.0197
7666.4502,7470.0,0.011,2026-10-06,put,0.9,1.0,0.95,0.161,97.0,231.0,-0.0204
7666.4502,7475.0,0.011,2026-10-06,put,0.95,1.05,1.0,0.1596,392.0,2291.0,-0.0213
7666.4502,7480.0,0.011,2026-10-06,put,0.95,1.1,1.025,0.1577,125.0,380.0,-0.0222
7666.4502,7485.0,0.011,2026-10-06,put,1.0,1.1,1.05,0.1556,387.0,563.0,-0.0232
7666.4502,7490.0,0.011,2026-10-06,put,1.05,1.15,1.1,0.1542,67.0,545.0,-0.0242
7666.4502,7495.0,0.011,2026-10-06,put,1.1,1.2,1.15,0.1526,148.0,400.0,-0.0254
7666.4502,7500.0,0.011,2026-10-06,put,1.15,1.3,1.225,0.1515,307.0,608.0,-0.0266
7666.4502,7505.0,0.011,2026-10-06,put,1.2,1.35,1.275,0.1498,121.0,193.0,-0.0279
7666.4502,7510.0,0.011,2026-10-06,put,1.3,1.4,1.35,0.1485,1033.0,2692.0,-0.0293
7666.4502,7515.0,0.011,2026-10-06,put,1.35,1.45,1.4,0.1468,131.0,144.0,-0.0309
7666.4502,7520.0,0.011,2026-10-06,put,1.45,1.55,1.5,0.1458,180.0,516.0,-0.0325
7666.4502,7525.0,0.011,2026-10-06,put,1.5,1.65,1.575,0.1442,181.0,303.0,-0.0343
7666.4502,7530.0,0.011,2026-10-06,put,1.6,1.75,1.675,0.1426,533.0,484.0,-0.0362
7666.4502,7535.0,0.011,2026-10-06,put,1.75,1.85,1.8,0.1417,2056.0,2089.0,-0.0383
7666.4502,7540.0,0.011,2026-10-06,put,1.85,1.95,1.9,0.1406,233.0,285.0,-0.0405
7666.4502,7545.0,0.011,2026-10-06,put,1.95,2.05,2.0,0.1391,2595.0,2633.0,-0.0429
7666.4502,7550.0,0.011,2026-10-06,put,2.1,2.2,2.1500000000000004,0.1381,273.0,599.0,-0.0456
7666.4502,7555.0,0.011,2026-10-06,put,2.2,2.3,2.25,0.1364,209.0,149.0,-0.0484
7666.4502,7560.0,0.011,2026-10-06,put,2.35,2.45,2.4000000000000004,0.1352,86.0,81.0,-0.0514
7666.4502,7565.0,0.011,2026-10-06,put,2.55,2.65,2.5999999999999996,0.1342,128.0,243.0,-0.0547
7666.4502,7570.0,0.011,2026-10-06,put,2.7,2.8,2.75,0.133,151.0,154.0,-0.0582
7666.4502,7575.0,0.011,2026-10-06,put,2.9,3.0,2.95,0.1319,251.0,470.0,-0.062
7666.4502,7580.0,0.011,2026-10-06,put,3.1,3.2,3.1500000000000004,0.1307,87.0,818.0,-0.0661
7666.4502,7585.0,0.011,2026-10-06,put,3.3,3.5,3.4,0.1298,50.0,265.0,-0.0705
7666.4502,7590.0,0.011,2026-10-06,put,3.5,3.7,3.6,0.1283,170.0,394.0,-0.0752
7666.4502,7595.0,0.011,2026-10-06,put,3.8,4.0,3.9,0.1271,131.0,207.0,-0.0803
7666.4502,7600.0,0.011,2026-10-06,call,146.3,147.5,146.9,0.1256,312.0,427.0,0.9143
7666.4502,7600.0,0.011,2026-10-06,put,4.1,4.2,4.15,0.1258,1069.0,1977.0,-0.0857
7666.4502,7605.0,0.011,2026-10-06,put,4.4,4.5,4.45,0.1246,67.0,100.0,-0.0916
7666.4502,7610.0,0.011,2026-10-06,put,4.7,4.9,4.800000000000001,0.1241,85.0,410.0,-0.0978
7666.4502,7615.0,0.011,2026-10-06,put,5.0,5.2,5.1,0.1226,89.0,229.0,-0.1045
7666.4502,7620.0,0.011,2026-10-06,call,127.7,128.9,128.3,0.1212,73.0,55.0,0.8884
7666.4502,7620.0,0.011,2026-10-06,put,5.4,5.6,5.5,0.1216,268.0,363.0,-0.1116
7666.4502,7625.0,0.011,2026-10-06,call,123.2,124.3,123.75,0.12,78.0,43.0,0.8807
7666.4502,7625.0,0.011,2026-10-06,put,5.8,6.0,5.9,0.1205,1506.0,1485.0,-0.1193
7666.4502,7630.0,0.011,2026-10-06,call,118.6,119.7,119.15,0.119,186.0,84.0,0.8726
7666.4502,7630.0,0.011,2026-10-06,put,6.2,6.4,6.300000000000001,0.1192,189.0,266.0,-0.1274
7666.4502,7635.0,0.011,2026-10-06,call,114.1,115.1,114.6,0.1178,253.0,102.0,0.8638
7666.4502,7635.0,0.011,2026-10-06,put,6.7,6.9,6.800000000000001,0.1182,214.0,203.0,-0.1362
7666.4502,7640.0,0.011,2026-10-06,call,109.5,110.6,110.05,0.1166,162.0,133.0,0.8546
7666.4502,7640.0,0.011,2026-10-06,put,7.2,7.4,7.300000000000001,0.1171,364.0,229.0,-0.1454
7666.4502,7645.0,0.011,2026-10-06,call,105.1,106.2,105.65,0.1156,236.0,76.0,0.8447
7666.4502,7645.0,0.011,2026-10-06,put,7.8,8.0,7.9,0.116,183.0,147.0,-0.1553
7666.4502,7650.0,0.011,2026-10-06,call,100.7,101.8,101.25,0.1148,586.0,360.0,0.8342
7666.4502,7650.0,0.011,2026-10-06,put,8.3,8.6,8.45,0.1147,1262.0,1522.0,-0.1658
7666.4502,7655.0,0.011,2026-10-06,call,96.3,97.4,96.85,0.1135,276.0,113.0,0.823
7666.4502,7655.0,0.011,2026-10-06,put,9.0,9.2,9.1,0.1137,247.0,200.0,-0.177
7666.4502,7660.0,0.011,2026-10-06,call,92.0,93.1,92.55,0.1125,231.0,127.0,0.8112
7666.4502,7660.0,0.011,2026-10-06,put,9.7,9.9,9.8,0.1127,291.0,335.0,-0.1888
7666.4502,7665.0,0.011,2026-10-06,call,87.7,88.8,88.25,0.1113,321.0,88.0,0.7986
7666.4502,7665.0,0.011,2026-10-06,put,10.4,10.6,10.5,0.1115,227.0,147.0,-0.2014
7666.4502,7670.0,0.011,2026-10-06,call,83.5,84.6,84.05,0.1103,294.0,408.0,0.7853
7666.4502,7670.0,0.011,2026-10-06,put,11.2,11.4,11.3,0.1104,227.0,613.0,-0.2147
7666.4502,7675.0,0.011,2026-10-06,call,79.4,80.5,79.95,0.1094,288.0,169.0,0.7713
7666.4502,7675.0,0.011,2026-10-06,put,12.1,12.3,12.2,0.1096,140.0,671.0,-0.2287
7666.4502,7680.0,0.011,2026-10-06,call,75.3,76.4,75.85,0.1083,152.0,111.0,0.7565
7666.4502,7680.0,0.011,2026-10-06,put,13.0,13.2,13.1,0.1084,118.0,241.0,-0.2435
7666.4502,7685.0,0.011,2026-10-06,call,71.3,72.4,71.85,0.1073,107.0,124.0,0.7409
7666.4502,7685.0,0.011,2026-10-06,put,14.0,14.2,14.1,0.1074,923.0,667.0,-0.2591
7666.4502,7690.0,0.011,2026-10-06,call,67.6,68.1,67.85,0.1058,382.0,203.0,0.7244
7666.4502,7690.0,0.011,2026-10-06,put,15.0,15.3,15.15,0.1065,98.0,373.0,-0.2756
7666.4502,7695.0,0.011,2026-10-06,call,63.7,64.2,63.95,0.1049,178.0,111.0,0.7072
7666.4502,7695.0,0.011,2026-10-06,put,16.2,16.5,16.35,0.1054,187.0,409.0,-0.2928
7666.4502,7700.0,0.011,2026-10-06,call,60.1,60.5,60.3,0.1039,564.0,683.0,0.6892
7666.4502,7700.0,0.011,2026-10-06,put,17.4,17.7,17.549999999999997,0.1046,364.0,1138.0,-0.3108
7666.4502,7705.0,0.011,2026-10-06,call,56.4,56.8,56.599999999999994,0.1029,198.0,188.0,0.6703
7666.4502,7705.0,0.011,2026-10-06,put,18.7,19.0,18.85,0.1034,99.0,209.0,-0.3297
7666.4502,7710.0,0.011,2026-10-06,call,52.8,53.2,53.0,0.1021,688.0,624.0,0.6506
7666.4502,7710.0,0.011,2026-10-06,put,20.1,20.4,20.25,0.1025,171.0,206.0,-0.3494
7666.4502,7715.0,0.011,2026-10-06,call,49.4,49.8,49.599999999999994,0.1012,642.0,574.0,0.6301
7666.4502,7715.0,0.011,2026-10-06,put,21.7,22.0,21.85,0.1015,69.0,130.0,-0.3699
7666.4502,7720.0,0.011,2026-10-06,call,46.0,46.4,46.2,0.1002,180.0,178.0,0.6089
7666.4502,7725.0,0.011,2026-10-06,call,42.7,43.1,42.900000000000006,0.0995,1114.0,985.0,0.5869
7666.4502,7725.0,0.011,2026-10-06,put,25.1,25.4,25.25,0.0997,67.0,287.0,-0.4131
7666.4502,7730.0,0.011,2026-10-06,call,39.6,39.9,39.75,0.0985,286.0,711.0,0.5642
7666.4502,7735.0,0.011,2026-10-06,call,36.6,37.0,36.8,0.0977,326.0,219.0,0.5409
7666.4502,7740.0,0.011,2026-10-06,call,33.7,34.0,33.85,0.0969,249.0,424.0,0.517
7666.4502,7745.0,0.011,2026-10-06,call,31.0,31.4,31.2,0.096,184.0,233.0,0.4926
7666.4502,7750.0,0.011,2026-10-06,call,28.4,28.7,28.549999999999997,0.0953,1476.0,1364.0,0.4678
7666.4502,7750.0,0.011,2026-10-06,put,35.6,36.0,35.8,0.0958,59.0,378.0,-0.5322
7666.4502,7755.0,0.011,2026-10-06,call,25.8,26.2,26.0,0.0946,335.0,704.0,0.4428
7666.4502,7760.0,0.011,2026-10-06,call,23.5,23.9,23.7,0.0938,311.0,871.0,0.4176
7666.4502,7765.0,0.011,2026-10-06,call,21.3,21.6,21.450000000000003,0.0932,256.0,234.0,0.3925
7666.4502,7770.0,0.011,2026-10-06,call,19.2,19.5,19.35,0.0925,885.0,872.0,0.3675
7666.4502,7775.0,0.011,2026-10-06,call,17.2,17.6,17.4,0.0918,307.0,452.0,0.3428
7666.4502,7780.0,0.011,2026-10-06,call,15.4,15.7,15.55,0.0913,239.0,387.0,0.3186
7666.4502,7785.0,0.011,2026-10-06,call,13.8,14.1,13.95,0.0906,205.0,259.0,0.295
7666.4502,7790.0,0.011,2026-10-06,call,12.2,12.6,12.399999999999999,0.0902,212.0,529.0,0.272
7666.4502,7795.0,0.011,2026-10-06,call,10.8,11.1,10.95,0.0898,162.0,290.0,0.2499
7666.4502,7800.0,0.011,2026-10-06,call,9.6,9.9,9.75,0.0893,766.0,1009.0,0.2287
7666.4502,7805.0,0.011,2026-10-06,call,8.4,8.7,8.55,0.0892,539.0,363.0,0.2085
7666.4502,7810.0,0.011,2026-10-06,call,7.4,7.7,7.550000000000001,0.0886,256.0,662.0,0.1893
7666.4502,7815.0,0.011,2026-10-06,call,6.5,6.7,6.6,0.0885,179.0,284.0,0.1712
7666.4502,7820.0,0.011,2026-10-06,call,5.7,5.9,5.800000000000001,0.0882,241.0,366.0,0.1542
7666.4502,7825.0,0.011,2026-10-06,call,4.9,5.1,5.0,0.088,301.0,1973.0,0.1384
7666.4502,7830.0,0.011,2026-10-06,call,4.3,4.5,4.4,0.0879,606.0,1918.0,0.1238
7666.4502,7835.0,0.011,2026-10-06,call,3.7,3.9,3.8,0.0877,188.0,318.0,0.1103
7666.4502,7840.0,0.011,2026-10-06,call,3.2,3.4,3.3,0.0877,184.0,698.0,0.098
7666.4502,7845.0,0.011,2026-10-06,call,2.8,2.9,2.8499999999999996,0.0878,257.0,476.0,0.0869
7666.4502,7850.0,0.011,2026-10-06,call,2.4,2.55,2.4749999999999996,0.0878,876.0,1096.0,0.0768
7666.4502,7855.0,0.011,2026-10-06,call,2.1,2.2,2.1500000000000004,0.088,348.0,195.0,0.0678
7666.4502,7860.0,0.011,2026-10-06,call,1.8,1.9,1.85,0.0881,148.0,278.0,0.0598
7666.4502,7865.0,0.011,2026-10-06,call,1.55,1.65,1.6,0.0883,213.0,421.0,0.0527
7666.4502,7870.0,0.011,2026-10-06,call,1.35,1.45,1.4,0.0888,135.0,247.0,0.0465
7666.4502,7875.0,0.011,2026-10-06,call,1.15,1.25,1.2,0.0889,391.0,685.0,0.041
7666.4502,7880.0,0.011,2026-10-06,call,1.0,1.1,1.05,0.0894,184.0,319.0,0.0362
7666.4502,7885.0,0.011,2026-10-06,call,0.85,0.95,0.8999999999999999,0.0901,264.0,371.0,0.032
7666.4502,7900.0,0.011,2026-10-06,call,0.55,0.65,0.6000000000000001,0.0913,115.0,822.0,0.0225
7666.4502,7910.0,0.011,2026-10-06,call,0.45,0.55,0.5,0.0935,53.0,441.0,0.0181
7666.4502,7925.0,0.011,2026-10-06,call,0.3,0.4,0.35,0.0958,60.0,587.0,0.0135
7666.4502,7930.0,0.011,2026-10-06,call,0.25,0.35,0.3,0.0971,18.0,546.0,0.0123
7666.4502,7940.0,0.011,2026-10-06,call,0.2,0.3,0.25,0.0982,115.0,468.0,0.0104
7666.4502,7950.0,0.011,2026-10-06,call,0.2,0.3,0.25,0.1026,33.0,588.0,0.009
7666.4502,7960.0,0.011,2026-10-06,call,0.15,0.25,0.2,0.1041,111.0,449.0,0.0079
7666.4502,7970.0,0.011,2026-10-06,call,0.15,0.25,0.2,0.1082,58.0,241.0,0.007
7666.4502,7980.0,0.011,2026-10-06,call,0.15,0.2,0.175,0.1107,79.0,279.0,0.0063
7666.4502,8000.0,0.011,2026-10-06,call,0.1,0.2,0.15000000000000002,0.1167,320.0,1153.0,0.0053
7666.4502,8050.0,0.011,2026-10-06,call,0.1,0.15,0.125,0.134,57.0,414.0,0.0038
7666.4502,8100.0,0.011,2026-10-06,call,0.05,0.15,0.1,0.15,198.0,385.0,0.003
7666.4502,8125.0,0.011,2026-10-06,call,0.05,0.15,0.1,0.1592,53.0,92.0,0.0027
7666.4502,6200.0,0.0137,2026-10-07,put,0.05,0.1,0.07500000000000001,0.573,306.0,1448.0,-0.0004
7666.4502,6300.0,0.0137,2026-10-07,put,0.05,0.1,0.07500000000000001,0.5344,80.0,707.0,-0.0006
7666.4502,6500.0,0.0137,2026-10-07,put,0.05,0.15,0.1,0.4691,53.0,135.0,-0.0009
7666.4502,6525.0,0.0137,2026-10-07,put,0.05,0.15,0.1,0.4596,136.0,147.0,-0.001
7666.4502,6550.0,0.0137,2026-10-07,put,0.05,0.15,0.1,0.45,107.0,139.0,-0.001
7666.4502,6575.0,0.0137,2026-10-07,put,0.05,0.15,0.1,0.4405,67.0,122.0,-0.0011
7666.4502,6675.0,0.0137,2026-10-07,put,0.1,0.2,0.15000000000000002,0.4169,222.0,312.0,-0.0014
7666.4502,6700.0,0.0137,2026-10-07,put,0.1,0.2,0.15000000000000002,0.4072,181.0,5129.0,-0.0015
7666.4502,7000.0,0.0137,2026-10-07,put,0.25,0.35,0.3,0.3127,9.0,1052.0,-0.0034
7666.4502,7075.0,0.0137,2026-10-07,call,661.1,676.1,668.6,0.2668,55.0,65.0,0.9957
7666.4502,7075.0,0.0137,2026-10-07,put,0.3,0.4,0.35,0.2874,13.0,603.0,-0.0043
7666.4502,7080.0,0.0137,2026-10-07,call,656.1,671.1,663.6,0.2646,55.0,55.0,0.9956
7666.4502,7150.0,0.0137,2026-10-07,put,0.4,0.5,0.45,0.264,31.0,536.0,-0.0055
7666.4502,7200.0,0.0137,2026-10-07,put,0.45,0.55,0.5,0.2467,41.0,635.0,-0.0066
7666.4502,7260.0,0.0137,2026-10-07,put,0.5,0.6,0.55,0.2241,80.0,103.0,-0.0084
7666.4502,7275.0,0.0137,2026-10-07,put,0.55,0.65,0.6000000000000001,0.2201,56.0,321.0,-0.0089
7666.4502,7300.0,0.0137,2026-10-07,put,0.6,0.7,0.6499999999999999,0.2115,55.0,1032.0,-0.0099
7666.4502,7325.0,0.0137,2026-10-07,put,0.65,0.75,0.7,0.2027,95.0,375.0,-0.0111
7666.4502,7350.0,0.0137,2026-10-07,put,0.7,0.8,0.75,0.1936,649.0,418.0,-0.0126
7666.4502,7360.0,0.0137,2026-10-07,put,0.75,0.85,0.8,0.1908,92.0,401.0,-0.0133
7666.4502,7370.0,0.0137,2026-10-07,put,0.75,0.85,0.8,0.1863,163.0,204.0,-0.014
7666.4502,7375.0,0.0137,2026-10-07,put,0.8,0.9,0.8500000000000001,0.1856,103.0,649.0,-0.0144
7666.4502,7380.0,0.0137,2026-10-07,put,0.8,0.9,0.8500000000000001,0.1834,143.0,3239.0,-0.0148
7666.4502,7385.0,0.0137,2026-10-07,put,0.8,0.95,0.875,0.1812,105.0,253.0,-0.0153
7666.4502,7390.0,0.0137,2026-10-07,put,0.85,0.95,0.8999999999999999,0.1804,109.0,214.0,-0.0158
7666.4502,7395.0,0.0137,2026-10-07,put,0.85,0.95,0.8999999999999999,0.1781,76.0,71.0,-0.0162
7666.4502,7400.0,0.0137,2026-10-07,put,0.9,1.0,0.95,0.1772,159.0,581.0,-0.0168
7666.4502,7405.0,0.0137,2026-10-07,put,0.9,1.05,0.9750000000000001,0.1749,75.0,120.0,-0.0173
7666.4502,7415.0,0.0137,2026-10-07,put,0.95,1.1,1.025,0.1723,81.0,401.0,-0.0185
7666.4502,7420.0,0.0137,2026-10-07,put,1.0,1.1,1.05,0.1706,60.0,173.0,-0.0191
7666.4502,7425.0,0.0137,2026-10-07,put,1.05,1.15,1.1,0.1695,94.0,518.0,-0.0198
7666.4502,7430.0,0.0137,2026-10-07,put,1.05,1.2,1.125,0.1677,97.0,213.0,-0.0205
7666.4502,7435.0,0.0137,2026-10-07,put,1.1,1.25,1.175,0.1659,80.0,230.0,-0.0213
7666.4502,7440.0,0.0137,2026-10-07,put,1.15,1.25,1.2,0.1647,79.0,318.0,-0.0221
7666.4502,7450.0,0.0137,2026-10-07,put,1.25,1.35,1.3,0.1621,207.0,1050.0,-0.0239
7666.4502,7455.0,0.0137,2026-10-07,put,1.3,1.4,1.35,0.1606,54.0,435.0,-0.0249
7666.4502,7460.0,0.0137,2026-10-07,put,1.35,1.45,1.4,0.1592,122.0,552.0,-0.026
7666.4502,7465.0,0.0137,2026-10-07,put,1.4,1.55,1.475,0.1581,62.0,292.0,-0.0271
7666.4502,7470.0,0.0137,2026-10-07,put,1.5,1.6,1.55,0.1566,103.0,296.0,-0.0283
7666.4502,7475.0,0.0137,2026-10-07,put,1.55,1.65,1.6,0.1553,167.0,1373.0,-0.0296
7666.4502,7480.0,0.0137,2026-10-07,put,1.6,1.75,1.675,0.1541,87.0,326.0,-0.031
7666.4502,7485.0,0.0137,2026-10-07,put,1.7,1.8,1.75,0.1528,55.0,509.0,-0.0324
7666.4502,7490.0,0.0137,2026-10-07,put,1.8,1.9,1.85,0.1518,105.0,536.0,-0.034
7666.4502,7495.0,0.0137,2026-10-07,put,1.9,2.0,1.95,0.1503,82.0,1738.0,-0.0357
7666.4502,7500.0,0.0137,2026-10-07,put,2.0,2.1,2.05,0.1495,427.0,5053.0,-0.0375
7666.4502,7505.0,0.0137,2026-10-07,put,2.1,2.2,2.1500000000000004,0.1482,57.0,348.0,-0.0394
7666.4502,7510.0,0.0137,2026-10-07,put,2.25,2.3,2.275,0.1469,72.0,471.0,-0.0414
7666.4502,7515.0,0.0137,2026-10-07,put,2.35,2.45,2.4000000000000004,0.1461,163.0,1093.0,-0.0436
7666.4502,7520.0,0.0137,2026-10-07,put,2.5,2.6,2.55,0.1446,344.0,3400.0,-0.0459
7666.4502,7525.0,0.0137,2026-10-07,put,2.65,2.7,2.675,0.1436,104.0,614.0,-0.0484
7666.4502,7530.0,0.0137,2026-10-07,put,2.8,2.9,2.8499999999999996,0.1425,193.0,716.0,-0.0511
7666.4502,7535.0,0.0137,2026-10-07,put,2.95,3.1,3.0250000000000004,0.142,126.0,110.0,-0.0539
7666.4502,7540.0,0.0137,2026-10-07,put,3.1,3.2,3.1500000000000004,0.1405,211.0,432.0,-0.0569
7666.4502,7545.0,0.0137,2026-10-07,put,3.3,3.4,3.3499999999999996,0.1395,145.0,286.0,-0.0601
7666.4502,7550.0,0.0137,2026-10-07,put,3.5,3.6,3.55,0.1385,247.0,1173.0,-0.0635
7666.4502,7565.0,0.0137,2026-10-07,put,4.1,4.3,4.199999999999999,0.1351,58.0,175.0,-0.0751
7666.4502,7570.0,0.0137,2026-10-07,put,4.4,4.6,4.5,0.1344,123.0,211.0,-0.0795
7666.4502,7575.0,0.0137,2026-10-07,put,4.7,4.8,4.75,0.1332,447.0,738.0,-0.0841
7666.4502,7580.0,0.0137,2026-10-07,put,5.0,5.1,5.05,0.1322,91.0,437.0,-0.089
7666.4502,7590.0,0.0137,2026-10-07,put,5.6,5.8,5.699999999999999,0.1302,75.0,234.0,-0.0997
7666.4502,7595.0,0.0137,2026-10-07,put,6.0,6.1,6.05,0.1292,96.0,213.0,-0.1056
7666.4502,7600.0,0.0137,2026-10-07,put,6.3,6.5,6.4,0.128,307.0,1615.0,-0.1118
7666.4502,7605.0,0.0137,2026-10-07,put,6.8,6.9,6.85,0.127,78.0,129.0,-0.1183
7666.4502,7610.0,0.0137,2026-10-07,put,7.2,7.4,7.300000000000001,0.1263,85.0,181.0,-0.1252
7666.4502,7620.0,0.0137,2026-10-07,put,8.1,8.3,8.2,0.1241,130.0,314.0,-0.1402
7666.4502,7625.0,0.0137,2026-10-07,call,122.2,132.0,127.1,0.1216,127.0,54.0,0.8516
7666.4502,7625.0,0.0137,2026-10-07,put,8.7,8.9,8.8,0.123,112.0,448.0,-0.1484
7666.4502,7630.0,0.0137,2026-10-07,call,122.2,123.4,122.80000000000001,0.122,248.0,164.0,0.8431
7666.4502,7630.0,0.0137,2026-10-07,put,9.2,9.4,9.3,0.1222,219.0,397.0,-0.1569
7666.4502,7635.0,0.0137,2026-10-07,call,113.4,123.4,118.4,0.1202,62.0,34.0,0.834
7666.4502,7635.0,0.0137,2026-10-07,put,9.8,10.0,9.9,0.1212,611.0,740.0,-0.1659
7666.4502,7640.0,0.0137,2026-10-07,call,113.5,114.7,114.1,0.1199,196.0,154.0,0.8245
7666.4502,7640.0,0.0137,2026-10-07,put,10.4,10.7,10.55,0.1201,237.0,211.0,-0.1754
7666.4502,7645.0,0.0137,2026-10-07,call,105.1,113.6,109.35,0.1168,137.0,72.0,0.8146
7666.4502,7645.0,0.0137,2026-10-07,put,11.1,11.3,11.2,0.1192,308.0,288.0,-0.1854
7666.4502,7650.0,0.0137,2026-10-07,call,101.2,108.4,104.80000000000001,0.1148,117.0,77.0,0.804
7666.4502,7650.0,0.0137,2026-10-07,put,11.8,12.1,11.95,0.1182,324.0,1278.0,-0.196
7666.4502,7655.0,0.0137,2026-10-07,call,100.7,101.8,101.25,0.1174,73.0,68.0,0.793
7666.4502,7655.0,0.0137,2026-10-07,put,12.6,12.9,12.75,0.1174,217.0,217.0,-0.207
7666.4502,7660.0,0.0137,2026-10-07,call,94.4,99.4,96.9,0.1158,76.0,100.0,0.7814
7666.4502,7660.0,0.0137,2026-10-07,put,13.4,13.7,13.55,0.1163,598.0,647.0,-0.2186
7666.4502,7665.0,0.0137,2026-10-07,call,90.3,95.3,92.8,0.1149,136.0,112.0,0.7693
7666.4502,7665.0,0.0137,2026-10-07,put,14.3,14.6,14.45,0.1153,563.0,655.0,-0.2307
7666.4502,7670.0,0.0137,2026-10-07,call,88.3,89.5,88.9,0.1144,677.0,665.0,0.7566
7666.4502,7670.0,0.0137,2026-10-07,put,15.2,15.5,15.35,0.1144,132.0,166.0,-0.2434
7666.4502,7675.0,0.0137,2026-10-07,call,84.3,85.4,84.85,0.1134,977.0,1090.0,0.7434
7666.4502,7675.0,0.0137,2026-10-07,put,16.2,16.5,16.35,0.1134,351.0,758.0,-0.2566
7666.4502,7680.0,0.0137,2026-10-07,call,78.3,83.3,80.8,0.1123,161.0,208.0,0.7295
7666.4502,7680.0,0.0137,2026-10-07,put,17.2,17.5,17.35,0.1126,99.0,213.0,-0.2705
7666.4502,7685.0,0.0137,2026-10-07,call,76.7,77.3,77.0,0.1115,82.0,99.0,0.7151
7666.4502,7685.0,0.0137,2026-10-07,put,18.4,18.7,18.549999999999997,0.1116,79.0,199.0,-0.2849
7666.4502,7690.0,0.0137,2026-10-07,call,72.9,73.4,73.15,0.1106,135.0,148.0,0.7
7666.4502,7690.0,0.0137,2026-10-07,put,19.6,19.9,19.75,0.1108,558.0,661.0,-0.3
7666.4502,7695.0,0.0137,2026-10-07,call,69.2,69.6,69.4,0.1097,66.0,124.0,0.6844
7666.4502,7695.0,0.0137,2026-10-07,put,20.8,21.1,20.950000000000003,0.1098,61.0,183.0,-0.3156
7666.4502,7700.0,0.0137,2026-10-07,call,65.6,66.0,65.8,0.1087,572.0,733.0,0.6682
7666.4502,7700.0,0.0137,2026-10-07,put,22.2,22.5,22.35,0.109,386.0,1396.0,-0.3318
7666.4502,7705.0,0.0137,2026-10-07,call,61.9,62.4,62.15,0.1079,114.0,165.0,0.6513
7666.4502,7705.0,0.0137,2026-10-07,put,23.6,23.9,23.75,0.1081,136.0,382.0,-0.3487
7666.4502,7710.0,0.0137,2026-10-07,call,58.5,58.9,58.7,0.1071,1176.0,492.0,0.6339
7666.4502,7710.0,0.0137,2026-10-07,put,25.1,25.4,25.25,0.1072,284.0,2098.0,-0.3661
7666.4502,7715.0,0.0137,2026-10-07,call,55.1,55.5,55.3,0.1062,1318.0,446.0,0.6159
7666.4502,7715.0,0.0137,2026-10-07,put,26.7,27.0,26.85,0.1064,124.0,356.0,-0.3841
7666.4502,7720.0,0.0137,2026-10-07,call,51.8,52.2,52.0,0.1052,196.0,614.0,0.5974
7666.4502,7720.0,0.0137,2026-10-07,put,28.4,28.7,28.549999999999997,0.1056,75.0,183.0,-0.4026
7666.4502,7725.0,0.0137,2026-10-07,call,48.5,48.9,48.7,0.1044,887.0,1064.0,0.5783
7666.4502,7730.0,0.0137,2026-10-07,call,45.5,45.9,45.7,0.1037,244.0,270.0,0.5587
7666.4502,7735.0,0.0137,2026-10-07,call,42.5,42.8,42.65,0.1029,473.0,2009.0,0.5387
7666.4502,7735.0,0.0137,2026-10-07,put,34.1,34.4,34.25,0.1031,283.0,1950.0,-0.4613
7666.4502,7740.0,0.0137,2026-10-07,call,39.6,40.0,39.8,0.1021,320.0,254.0,0.5182
7666.4502,7745.0,0.0137,2026-10-07,call,36.8,37.2,37.0,0.1014,595.0,574.0,0.4974
7666.4502,7750.0,0.0137,2026-10-07,call,34.1,34.5,34.3,0.1007,984.0,1534.0,0.4762
7666.4502,7750.0,0.0137,2026-10-07,put,40.7,41.0,40.85,0.1008,58.0,573.0,-0.5238
7666.4502,7755.0,0.0137,2026-10-07,call,31.6,32.0,31.8,0.0999,500.0,645.0,0.4549
7666.4502,7760.0,0.0137,2026-10-07,call,29.2,29.5,29.35,0.0992,622.0,2051.0,0.4334
7666.4502,7765.0,0.0137,2026-10-07,call,26.8,27.2,27.0,0.0986,444.0,412.0,0.4118
7666.4502,7770.0,0.0137,2026-10-07,call,24.6,25.0,24.8,0.0979,873.0,845.0,0.3902
7666.4502,7775.0,0.0137,2026-10-07,call,22.6,22.9,22.75,0.0972,172.0,246.0,0.3688
7666.4502,7780.0,0.0137,2026-10-07,call,20.6,20.9,20.75,0.0968,104.0,705.0,0.3476
7666.4502,7785.0,0.0137,2026-10-07,call,18.7,19.1,18.9,0.0963,183.0,232.0,0.3267
7666.4502,7790.0,0.0137,2026-10-07,call,17.0,17.4,17.2,0.0957,152.0,143.0,0.3061
7666.4502,7795.0,0.0137,2026-10-07,call,15.5,15.8,15.65,0.0952,227.0,312.0,0.2861
7666.4502,7800.0,0.0137,2026-10-07,call,13.9,14.2,14.05,0.0948,643.0,1219.0,0.2666
7666.4502,7805.0,0.0137,2026-10-07,call,12.6,12.9,12.75,0.0945,120.0,201.0,0.2477
7666.4502,7810.0,0.0137,2026-10-07,call,11.3,11.6,11.45,0.0938,242.0,346.0,0.2294
7666.4502,7815.0,0.0137,2026-10-07,call,10.1,10.4,10.25,0.0936,153.0,800.0,0.2119
7666.4502,7820.0,0.0137,2026-10-07,call,9.1,9.3,9.2,0.0934,543.0,1149.0,0.1951
7666.4502,7825.0,0.0137,2026-10-07,call,8.1,8.3,8.2,0.093,140.0,571.0,0.179
7666.4502,7830.0,0.0137,2026-10-07,call,7.2,7.4,7.300000000000001,0.0927,593.0,1086.0,0.1638
7666.4502,7835.0,0.0137,2026-10-07,call,6.4,6.6,6.5,0.0923,184.0,235.0,0.1495
7666.4502,7840.0,0.0137,2026-10-07,call,5.7,5.9,5.800000000000001,0.0923,174.0,229.0,0.136
7666.4502,7845.0,0.0137,2026-10-07,call,5.0,5.2,5.1,0.0919,165.0,1211.0,0.1234
7666.4502,7850.0,0.0137,2026-10-07,call,4.4,4.6,4.5,0.0918,304.0,3735.0,0.1117
7666.4502,7855.0,0.0137,2026-10-07,call,3.9,4.1,4.0,0.0918,171.0,231.0,0.1008
7666.4502,7860.0,0.0137,2026-10-07,call,3.4,3.6,3.5,0.0916,189.0,652.0,0.0909
7666.4502,7865.0,0.0137,2026-10-07,call,3.0,3.2,3.1,0.0917,126.0,1656.0,0.0817
7666.4502,7870.0,0.0137,2026-10-07,call,2.65,2.75,2.7,0.0917,176.0,1592.0,0.0734
7666.4502,7875.0,0.0137,2026-10-07,call,2.35,2.45,2.4000000000000004,0.0918,162.0,377.0,0.0659
7666.4502,7880.0,0.0137,2026-10-07,call,2.05,2.15,2.0999999999999996,0.0918,447.0,349.0,0.0591
7666.4502,7885.0,0.0137,2026-10-07,call,1.8,1.9,1.85,0.092,142.0,245.0,0.053
7666.4502,7890.0,0.0137,2026-10-07,call,1.6,1.7,1.65,0.0924,125.0,243.0,0.0476
7666.4502,7895.0,0.0137,2026-10-07,call,1.4,1.5,1.45,0.0926,148.0,311.0,0.0427
7666.4502,7900.0,0.0137,2026-10-07,call,1.2,1.35,1.275,0.0928,216.0,1043.0,0.0384
7666.4502,7910.0,0.0137,2026-10-07,call,0.95,1.05,1.0,0.0936,137.0,808.0,0.0311
7666.4502,7925.0,0.0137,2026-10-07,call,0.65,0.8,0.7250000000000001,0.0954,124.0,710.0,0.0232
7666.4502,7930.0,0.0137,2026-10-07,call,0.6,0.7,0.6499999999999999,0.096,55.0,362.0,0.0211
7666.4502,7950.0,0.0137,2026-10-07,call,0.4,0.5,0.45,0.0993,105.0,787.0,0.015
7666.4502,7960.0,0.0137,2026-10-07,call,0.35,0.45,0.4,0.1017,192.0,386.0,0.0129
7666.4502,7975.0,0.0137,2026-10-07,call,0.3,0.4,0.35,0.1059,116.0,444.0,0.0106
7666.4502,8000.0,0.0137,2026-10-07,call,0.2,0.3,0.25,0.1111,659.0,3420.0,0.0081
7666.4502,8050.0,0.0137,2026-10-07,call,0.15,0.25,0.2,0.1264,3.0,689.0,0.0055
7666.4502,8075.0,0.0137,2026-10-07,call,0.15,0.2,0.175,0.1335,764.0,786.0,0.0048
7666.4502,6000.0,0.0164,2026-10-08,put,0.05,0.1,0.07500000000000001,0.5981,81.0,279.0,-0.0005
7666.4502,6200.0,0.0164,2026-10-08,put,0.05,0.15,0.1,0.5376,203.0,456.0,-0.0007
7666.4502,6400.0,0.0164,2026-10-08,put,0.1,0.15,0.125,0.4743,60.0,1794.0,-0.0011
7666.4502,6500.0,0.0164,2026-10-08,put,0.1,0.2,0.15000000000000002,0.4452,65.0,446.0,-0.0013
7666.4502,6600.0,0.0164,2026-10-08,put,0.15,0.25,0.2,0.4197,21.0,844.0,-0.0017
7666.4502,6625.0,0.0164,2026-10-08,put,0.15,0.25,0.2,0.4106,636.0,206.0,-0.0018
7666.4502,6700.0,0.0164,2026-10-08,put,0.15,0.25,0.2,0.3834,719.0,778.0,-0.0021
7666.4502,6775.0,0.0164,2026-10-08,put,0.2,0.3,0.25,0.3638,624.0,202.0,-0.0026
7666.4502,6825.0,0.0164,2026-10-08,put,0.25,0.35,0.3,0.3516,120.0,141.0,-0.0029
7666.4502,6850.0,0.0164,2026-10-08,put,0.25,0.35,0.3,0.3424,209.0,118.0,-0.0031
7666.4502,6900.0,0.0164,2026-10-08,put,0.3,0.4,0.35,0.329,642.0,279.0,-0.0035
7666.4502,6925.0,0.0164,2026-10-08,put,0.3,0.4,0.35,0.3196,202.0,105.0,-0.0038
7666.4502,6975.0,0.0164,2026-10-08,put,0.35,0.45,0.4,0.3052,155.0,167.0,-0.0044
7666.4502,7000.0,0.0164,2026-10-08,put,0.4,0.5,0.45,0.2996,688.0,358.0,-0.0047
7666.4502,7025.0,0.0164,2026-10-08,put,0.4,0.5,0.45,0.29,213.0,191.0,-0.005
7666.4502,7050.0,0.0164,2026-10-08,put,0.45,0.55,0.5,0.2838,142.0,369.0,-0.0054
7666.4502,7075.0,0.0164,2026-10-08,put,0.45,0.55,0.5,0.2743,664.0,493.0,-0.0058
7666.4502,7100.0,0.0164,2026-10-08,put,0.5,0.6,0.55,0.2676,194.0,240.0,-0.0063
7666.4502,7125.0,0.0164,2026-10-08,put,0.55,0.65,0.6000000000000001,0.2607,251.0,299.0,-0.0068
7666.4502,7150.0,0.0164,2026-10-08,put,0.55,0.65,0.6000000000000001,0.2509,716.0,334.0,-0.0074
7666.4502,7175.0,0.0164,2026-10-08,put,0.6,0.7,0.6499999999999999,0.2435,211.0,176.0,-0.008
7666.4502,7200.0,0.0164,2026-10-08,put,0.65,0.75,0.7,0.2358,107.0,181.0,-0.0088
7666.4502,7220.0,0.0164,2026-10-08,put,0.65,0.75,0.7,0.2279,282.0,307.0,-0.0094
7666.4502,7225.0,0.0164,2026-10-08,put,0.7,0.8,0.75,0.2279,3419.0,2896.0,-0.0096
7666.4502,7250.0,0.0164,2026-10-08,put,0.75,0.85,0.8,0.2197,240.0,334.0,-0.0106
7666.4502,7260.0,0.0164,2026-10-08,put,0.75,0.85,0.8,0.2157,210.0,113.0,-0.011
7666.4502,7275.0,0.0164,2026-10-08,put,0.8,0.9,0.8500000000000001,0.2114,294.0,344.0,-0.0117
7666.4502,7280.0,0.0164,2026-10-08,put,0.8,0.9,0.8500000000000001,0.2093,91.0,120.0,-0.012
7666.4502,7290.0,0.0164,2026-10-08,put,0.8,0.95,0.875,0.206,219.0,255.0,-0.0125
7666.4502,7300.0,0.0164,2026-10-08,put,0.85,0.95,0.8999999999999999,0.2028,357.0,423.0,-0.0131
7666.4502,7310.0,0.0164,2026-10-08,put,0.9,1.0,0.95,0.2001,185.0,168.0,-0.0137
7666.4502,7320.0,0.0164,2026-10-08,put,0.9,1.05,0.9750000000000001,0.1967,206.0,126.0,-0.0144
7666.4502,7325.0,0.0164,2026-10-08,put,0.95,1.05,1.0,0.1953,155.0,184.0,-0.0147
7666.4502,7330.0,0.0164,2026-10-08,put,0.95,1.05,1.0,0.1932,114.0,140.0,-0.0151
7666.4502,7340.0,0.0164,2026-10-08,put,1.0,1.1,1.05,0.1904,65.0,68.0,-0.0159
7666.4502,7350.0,0.0164,2026-10-08,put,1.05,1.15,1.1,0.1874,493.0,414.0,-0.0168
7666.4502,7360.0,0.0164,2026-10-08,put,1.1,1.2,1.15,0.1844,160.0,147.0,-0.0178
7666.4502,7365.0,0.0164,2026-10-08,put,1.15,1.25,1.2,0.1834,220.0,166.0,-0.0183
7666.4502,7370.0,0.0164,2026-10-08,put,1.15,1.3,1.225,0.1819,282.0,187.0,-0.0188
7666.4502,7375.0,0.0164,2026-10-08,put,1.2,1.3,1.25,0.1803,246.0,318.0,-0.0194
7666.4502,7380.0,0.0164,2026-10-08,put,1.25,1.35,1.3,0.1792,225.0,277.0,-0.02
7666.4502,7385.0,0.0164,2026-10-08,put,1.25,1.4,1.325,0.1776,347.0,131.0,-0.0207
7666.4502,7390.0,0.0164,2026-10-08,put,1.3,1.4,1.35,0.1759,289.0,288.0,-0.0213
7666.4502,7395.0,0.0164,2026-10-08,put,1.35,1.45,1.4,0.1747,170.0,166.0,-0.022
7666.4502,7400.0,0.0164,2026-10-08,put,1.4,1.5,1.45,0.1736,673.0,1457.0,-0.0228
7666.4502,7405.0,0.0164,2026-10-08,put,1.45,1.55,1.5,0.1723,187.0,176.0,-0.0236
7666.4502,7410.0,0.0164,2026-10-08,put,1.5,1.6,1.55,0.171,191.0,245.0,-0.0244
7666.4502,7415.0,0.0164,2026-10-08,put,1.55,1.65,1.6,0.1696,166.0,144.0,-0.0253
7666.4502,7420.0,0.0164,2026-10-08,put,1.6,1.7,1.65,0.1683,185.0,204.0,-0.0262
7666.4502,7425.0,0.0164,2026-10-08,put,1.65,1.8,1.725,0.1672,250.0,259.0,-0.0272
7666.4502,7430.0,0.0164,2026-10-08,put,1.7,1.85,1.775,0.1658,316.0,303.0,-0.0282
7666.4502,7435.0,0.0164,2026-10-08,put,1.75,1.9,1.825,0.1643,1086.0,973.0,-0.0294
7666.4502,7440.0,0.0164,2026-10-08,put,1.85,2.0,1.925,0.1635,438.0,236.0,-0.0305
7666.4502,7445.0,0.0164,2026-10-08,put,1.9,2.05,1.9749999999999999,0.162,1709.0,1686.0,-0.0318
7666.4502,7450.0,0.0164,2026-10-08,put,2.0,2.15,2.075,0.161,1855.0,1906.0,-0.0331
7666.4502,7455.0,0.0164,2026-10-08,put,2.1,2.25,2.175,0.16,103.0,134.0,-0.0344
7666.4502,7460.0,0.0164,2026-10-08,put,2.15,2.3,2.2249999999999996,0.1584,101.0,203.0,-0.0359
7666.4502,7465.0,0.0164,2026-10-08,put,2.25,2.4,2.325,0.1573,1052.0,1007.0,-0.0375
7666.4502,7470.0,0.0164,2026-10-08,put,2.35,2.5,2.425,0.1561,343.0,284.0,-0.0391
7666.4502,7475.0,0.0164,2026-10-08,put,2.5,2.65,2.575,0.1555,218.0,261.0,-0.0409
7666.4502,7480.0,0.0164,2026-10-08,put,2.6,2.75,2.675,0.1542,163.0,218.0,-0.0427
7666.4502,7485.0,0.0164,2026-10-08,put,2.7,2.85,2.7750000000000004,0.1529,56.0,70.0,-0.0446
7666.4502,7490.0,0.0164,2026-10-08,put,2.85,3.0,2.925,0.152,145.0,210.0,-0.0467
7666.4502,7495.0,0.0164,2026-10-08,put,3.0,3.2,3.1,0.1513,161.0,153.0,-0.0489
7666.4502,7500.0,0.0164,2026-10-08,put,3.1,3.3,3.2,0.1498,226.0,1043.0,-0.0512
7666.4502,7505.0,0.0164,2026-10-08,put,3.3,3.5,3.4,0.1491,135.0,80.0,-0.0536
7666.4502,7510.0,0.0164,2026-10-08,put,3.4,3.6,3.5,0.1475,89.0,180.0,-0.0562
7666.4502,7515.0,0.0164,2026-10-08,put,3.6,3.8,3.7,0.1467,73.0,81.0,-0.0589
7666.4502,7520.0,0.0164,2026-10-08,put,3.8,4.0,3.9,0.1458,70.0,77.0,-0.0618
7666.4502,7525.0,0.0164,2026-10-08,put,4.0,4.2,4.1,0.1448,264.0,331.0,-0.0648
7666.4502,7530.0,0.0164,2026-10-08,put,4.2,4.4,4.300000000000001,0.1437,222.0,207.0,-0.068
7666.4502,7535.0,0.0164,2026-10-08,put,4.4,4.7,4.550000000000001,0.1426,227.0,143.0,-0.0713
7666.4502,7540.0,0.0164,2026-10-08,put,4.7,4.9,4.800000000000001,0.1421,60.0,90.0,-0.0748
7666.4502,7545.0,0.0164,2026-10-08,put,4.9,5.1,5.0,0.1407,52.0,104.0,-0.0786
7666.4502,7550.0,0.0164,2026-10-08,put,5.2,5.4,5.300000000000001,0.14,269.0,369.0,-0.0825
7666.4502,7560.0,0.0164,2026-10-08,put,5.8,5.9,5.85,0.1379,81.0,111.0,-0.091
7666.4502,7565.0,0.0164,2026-10-08,put,6.1,6.3,6.199999999999999,0.1368,128.0,55.0,-0.0956
7666.4502,7570.0,0.0164,2026-10-08,put,6.4,6.6,6.5,0.136,287.0,284.0,-0.1004
7666.4502,7575.0,0.0164,2026-10-08,put,6.8,6.9,6.85,0.135,164.0,263.0,-0.1055
7666.4502,7580.0,0.0164,2026-10-08,put,7.1,7.3,7.199999999999999,0.1339,1036.0,975.0,-0.1108
7666.4502,7585.0,0.0164,2026-10-08,put,7.5,7.7,7.6,0.133,145.0,97.0,-0.1164
7666.4502,7590.0,0.0164,2026-10-08,put,8.0,8.1,8.05,0.132,122.0,338.0,-0.1223
7666.4502,7595.0,0.0164,2026-10-08,put,8.4,8.6,8.5,0.1313,106.0,94.0,-0.1285
7666.4502,7600.0,0.0164,2026-10-08,put,8.8,9.1,8.95,0.1301,922.0,1034.0,-0.135
7666.4502,7605.0,0.0164,2026-10-08,put,9.3,9.6,9.45,0.1292,54.0,100.0,-0.1418
7666.4502,7610.0,0.0164,2026-10-08,call,139.3,149.1,144.2,0.127,104.0,86.0,0.8511
7666.4502,7610.0,0.0164,2026-10-08,put,9.9,10.1,10.0,0.1284,439.0,461.0,-0.1489
7666.4502,7615.0,0.0164,2026-10-08,put,10.4,10.7,10.55,0.1274,411.0,573.0,-0.1564
7666.4502,7620.0,0.0164,2026-10-08,put,11.0,11.2,11.1,0.1266,402.0,330.0,-0.1642
7666.4502,7625.0,0.0164,2026-10-08,call,130.5,131.9,131.2,0.1257,128.0,189.0,0.8276
7666.4502,7625.0,0.0164,2026-10-08,put,11.6,11.9,11.75,0.1258,281.0,567.0,-0.1724
7666.4502,7630.0,0.0164,2026-10-08,call,121.8,131.8,126.80000000000001,0.124,106.0,77.0,0.819
7666.4502,7630.0,0.0164,2026-10-08,put,12.2,12.5,12.35,0.1246,323.0,367.0,-0.181
7666.4502,7635.0,0.0164,2026-10-08,call,117.5,127.5,122.5,0.1231,156.0,48.0,0.81
7666.4502,7635.0,0.0164,2026-10-08,put,12.9,13.2,13.05,0.1238,67.0,81.0,-0.19
7666.4502,7640.0,0.0164,2026-10-08,call,113.1,123.1,118.1,0.1221,131.0,92.0,0.8007
7666.4502,7640.0,0.0164,2026-10-08,put,13.7,14.0,13.85,0.1231,83.0,146.0,-0.1993
7666.4502,7645.0,0.0164,2026-10-08,call,108.9,118.9,113.9,0.122,78.0,43.0,0.7909
7666.4502,7645.0,0.0164,2026-10-08,put,14.5,14.7,14.6,0.1219,81.0,132.0,-0.2091
7666.4502,7650.0,0.0164,2026-10-08,call,109.3,110.5,109.9,0.1214,117.0,97.0,0.7807
7666.4502,7650.0,0.0164,2026-10-08,put,15.3,15.6,15.45,0.1213,351.0,1496.0,-0.2193
7666.4502,7655.0,0.0164,2026-10-08,call,101.4,109.1,105.25,0.1181,58.0,58.0,0.7701
7666.4502,7655.0,0.0164,2026-10-08,put,16.2,16.5,16.35,0.1202,161.0,211.0,-0.2299
7666.4502,7660.0,0.0164,2026-10-08,call,99.1,104.1,101.6,0.1193,88.0,81.0,0.759
7666.4502,7660.0,0.0164,2026-10-08,put,17.0,17.4,17.2,0.1194,71.0,129.0,-0.241
7666.4502,7665.0,0.0164,2026-10-08,call,94.9,99.9,97.4,0.1179,129.0,117.0,0.7475
7666.4502,7665.0,0.0164,2026-10-08,put,18.0,18.4,18.2,0.1184,73.0,86.0,-0.2525
7666.4502,7670.0,0.0164,2026-10-08,call,93.1,94.4,93.75,0.1177,186.0,217.0,0.7355
7666.4502,7670.0,0.0164,2026-10-08,put,19.1,19.4,19.25,0.1175,126.0,137.0,-0.2645
7666.4502,7675.0,0.0164,2026-10-08,call,89.1,90.4,89.75,0.1169,827.0,796.0,0.7231
7666.4502,7675.0,0.0164,2026-10-08,put,20.1,20.5,20.3,0.1167,822.0,1016.0,-0.2769
7666.4502,7680.0,0.0164,2026-10-08,call,83.3,88.3,85.8,0.1158,179.0,168.0,0.7102
7666.4502,7680.0,0.0164,2026-10-08,put,21.3,21.6,21.450000000000003,0.1159,4081.0,4114.0,-0.2898
7666.4502,7685.0,0.0164,2026-10-08,call,81.7,82.2,81.95,0.1148,52.0,42.0,0.6968
7666.4502,7685.0,0.0164,2026-10-08,put,22.5,22.8,22.65,0.115,295.0,343.0,-0.3032
7666.4502,7690.0,0.0164,2026-10-08,call,78.0,78.4,78.2,0.1139,328.0,197.0,0.683
7666.4502,7690.0,0.0164,2026-10-08,put,23.7,24.1,23.9,0.1141,83.0,150.0,-0.317
7666.4502,7695.0,0.0164,2026-10-08,put,25.1,25.4,25.25,0.1133,236.0,239.0,-0.3313
7666.4502,7700.0,0.0164,2026-10-08,call,70.7,71.2,70.95,0.1122,392.0,1144.0,0.6539
7666.4502,7700.0,0.0164,2026-10-08,put,26.5,26.8,26.65,0.1124,1952.0,2209.0,-0.3461
7666.4502,7705.0,0.0164,2026-10-08,call,67.2,67.7,67.45,0.1113,4091.0,4098.0,0.6387
7666.4502,7705.0,0.0164,2026-10-08,put,27.9,28.3,28.1,0.1114,4194.0,4080.0,-0.3613
7666.4502,7710.0,0.0164,2026-10-08,call,63.8,64.2,64.0,0.1106,90.0,233.0,0.623
7666.4502,7715.0,0.0164,2026-10-08,call,60.4,60.9,60.65,0.1097,80.0,106.0,0.6068
7666.4502,7720.0,0.0164,2026-10-08,call,57.1,57.6,57.35,0.1089,186.0,162.0,0.5902
7666.4502,7725.0,0.0164,2026-10-08,call,54.0,54.4,54.2,0.1081,1139.0,1438.0,0.5732
7666.4502,7725.0,0.0164,2026-10-08,put,34.6,35.0,34.8,0.1082,1012.0,1080.0,-0.4268
7666.4502,7730.0,0.0164,2026-10-08,call,50.8,51.3,51.05,0.1073,4181.0,4195.0,0.5558
7666.4502,7735.0,0.0164,2026-10-08,call,47.8,48.3,48.05,0.1066,129.0,122.0,0.5381
7666.4502,7740.0,0.0164,2026-10-08,call,44.9,45.3,45.099999999999994,0.1059,208.0,131.0,0.52
7666.4502,7745.0,0.0164,2026-10-08,call,42.1,42.5,42.3,0.105,85.0,126.0,0.5016
7666.4502,7750.0,0.0164,2026-10-08,call,39.4,39.8,39.599999999999994,0.1043,1864.0,1936.0,0.4829
7666.4502,7750.0,0.0164,2026-10-08,put,45.0,45.5,45.25,0.1045,77.0,128.0,-0.517
7666.4502,7755.0,0.0164,2026-10-08,call,36.8,37.2,37.0,0.1036,947.0,885.0,0.4641
7666.4502,7760.0,0.0164,2026-10-08,call,34.3,34.7,34.5,0.103,194.0,205.0,0.445
7666.4502,7765.0,0.0164,2026-10-08,call,31.9,32.3,32.099999999999994,0.1024,155.0,143.0,0.4259
7666.4502,7770.0,0.0164,2026-10-08,call,29.6,30.0,29.8,0.1017,174.0,261.0,0.4068
7666.4502,7775.0,0.0164,2026-10-08,call,27.4,27.8,27.6,0.1011,311.0,668.0,0.3876
7666.4502,7780.0,0.0164,2026-10-08,call,25.3,25.7,25.5,0.1005,89.0,117.0,0.3686
7666.4502,7785.0,0.0164,2026-10-08,call,23.4,23.7,23.549999999999997,0.0999,67.0,78.0,0.3497
7666.4502,7790.0,0.0164,2026-10-08,call,21.5,21.9,21.7,0.0994,244.0,268.0,0.331
7666.4502,7795.0,0.0164,2026-10-08,call,19.8,20.1,19.950000000000003,0.0989,160.0,116.0,0.3126
7666.4502,7800.0,0.0164,2026-10-08,call,18.1,18.4,18.25,0.0985,451.0,540.0,0.2946
7666.4502,7805.0,0.0164,2026-10-08,call,16.6,16.9,16.75,0.098,280.0,223.0,0.277
7666.4502,7810.0,0.0164,2026-10-08,call,15.2,15.5,15.35,0.0976,119.0,173.0,0.2598
7666.4502,7815.0,0.0164,2026-10-08,call,13.8,14.1,13.95,0.0971,171.0,98.0,0.2431
7666.4502,7820.0,0.0164,2026-10-08,call,12.5,12.9,12.7,0.097,599.0,465.0,0.227
7666.4502,7825.0,0.0164,2026-10-08,call,11.4,11.7,11.55,0.0965,1663.0,1771.0,0.2114
7666.4502,7830.0,0.0164,2026-10-08,call,10.3,10.6,10.45,0.0961,1647.0,1606.0,0.1964
7666.4502,7835.0,0.0164,2026-10-08,call,9.3,9.6,9.45,0.0958,140.0,116.0,0.1821
7666.4502,7840.0,0.0164,2026-10-08,call,8.4,8.7,8.55,0.0956,513.0,363.0,0.1684
7666.4502,7845.0,0.0164,2026-10-08,call,7.6,7.8,7.699999999999999,0.0954,154.0,122.0,0.1553
7666.4502,7850.0,0.0164,2026-10-08,call,6.8,7.0,6.9,0.0951,381.0,591.0,0.143
7666.4502,7855.0,0.0164,2026-10-08,call,6.1,6.3,6.199999999999999,0.0949,181.0,181.0,0.1312
7666.4502,7860.0,0.0164,2026-10-08,call,5.4,5.7,5.550000000000001,0.0947,273.0,495.0,0.1202
7666.4502,7865.0,0.0164,2026-10-08,call,4.8,5.1,4.949999999999999,0.0945,409.0,204.0,0.1099
7666.4502,7870.0,0.0164,2026-10-08,call,4.3,4.5,4.4,0.0942,131.0,160.0,0.1002
7666.4502,7875.0,0.0164,2026-10-08,call,3.8,4.0,3.9,0.094,270.0,353.0,0.0912
7666.4502,7880.0,0.0164,2026-10-08,call,3.4,3.6,3.5,0.0941,245.0,288.0,0.0829
7666.4502,7885.0,0.0164,2026-10-08,call,3.0,3.2,3.1,0.0939,135.0,156.0,0.0752
7666.4502,7890.0,0.0164,2026-10-08,call,2.65,2.85,2.75,0.0938,302.0,275.0,0.0681
7666.4502,7895.0,0.0164,2026-10-08,call,2.35,2.5,2.425,0.0939,157.0,155.0,0.0616
7666.4502,7900.0,0.0164,2026-10-08,call,2.1,2.25,2.175,0.094,539.0,795.0,0.0557
7666.4502,7910.0,0.0164,2026-10-08,call,1.65,1.8,1.725,0.0942,167.0,252.0,0.0454
7666.4502,7920.0,0.0164,2026-10-08,call,1.3,1.45,1.375,0.0947,167.0,274.0,0.0371
7666.4502,7925.0,0.0164,2026-10-08,call,1.15,1.3,1.225,0.095,161.0,1437.0,0.0336
7666.4502,7930.0,0.0164,2026-10-08,call,1.05,1.15,1.1,0.0953,279.0,337.0,0.0304
7666.4502,7940.0,0.0164,2026-10-08,call,0.8,0.95,0.875,0.0963,302.0,594.0,0.0251
7666.4502,7950.0,0.0164,2026-10-08,call,0.65,0.8,0.7250000000000001,0.0971,190.0,399.0,0.0209
7666.4502,7960.0,0.0164,2026-10-08,call,0.55,0.65,0.6000000000000001,0.0983,121.0,201.0,0.0176
7666.4502,8000.0,0.0164,2026-10-08,call,0.3,0.4,0.35,0.1058,286.0,384.0,0.0103
7666.4502,8025.0,0.0164,2026-10-08,call,0.25,0.35,0.3,0.1125,89.0,320.0,0.0081
7666.4502,8075.0,0.0164,2026-10-08,call,0.15,0.25,0.2,0.1238,5.0,510.0,0.0058
7666.4502,8100.0,0.0164,2026-10-08,call,0.15,0.25,0.2,0.132,256.0,303.0,0.005
7666.4502,5800.0,0.0192,2026-10-09,put,0.05,0.15,0.1,0.6386,30.0,681.0,-0.0005
7666.4502,5900.0,0.0192,2026-10-09,put,0.05,0.15,0.1,0.6033,0.0,1664.0,-0.0006
7666.4502,6000.0,0.0192,2026-10-09,put,0.05,0.15,0.1,0.5684,100.0,4050.0,-0.0007
7666.4502,6050.0,0.0192,2026-10-09,put,0.05,0.15,0.1,0.551,11.0,1035.0,-0.0008
7666.4502,6100.0,0.0192,2026-10-09,put,0.1,0.2,0.15000000000000002,0.5513,4.0,1166.0,-0.0009
7666.4502,6150.0,0.0192,2026-10-09,put,0.1,0.2,0.15000000000000002,0.534,4.0,1167.0,-0.001
7666.4502,6250.0,0.0192,2026-10-09,put,0.1,0.2,0.15000000000000002,0.4993,46.0,1288.0,-0.0012
7666.4502,6300.0,0.0192,2026-10-09,put,0.15,0.25,0.2,0.494,68.0,22692.0,-0.0013
7666.4502,6325.0,0.0192,2026-10-09,put,0.15,0.25,0.2,0.4852,0.0,970.0,-0.0014
7666.4502,6350.0,0.0192,2026-10-09,put,0.15,0.25,0.2,0.4765,0.0,3482.0,-0.0014
7666.4502,6375.0,0.0192,2026-10-09,put,0.15,0.25,0.2,0.4678,11.0,4309.0,-0.0015
7666.4502,6400.0,0.0192,2026-10-09,put,0.15,0.25,0.2,0.4592,134.0,11389.0,-0.0016
7666.4502,6425.0,0.0192,2026-10-09,put,0.2,0.3,0.25,0.4596,105.0,169.0,-0.0017
7666.4502,6450.0,0.0192,2026-10-09,put,0.2,0.3,0.25,0.4508,42.0,1170.0,-0.0018
7666.4502,6500.0,0.0192,2026-10-09,put,0.25,0.3,0.275,0.4371,240.0,1477.0,-0.002
7666.4502,6600.0,0.0192,2026-10-09,put,0.25,0.35,0.3,0.4055,553.0,2271.0,-0.0025
7666.4502,6625.0,0.0192,2026-10-09,put,0.3,0.4,0.35,0.4027,105.0,189.0,-0.0026
7666.4502,6650.0,0.0192,2026-10-09,put,0.3,0.4,0.35,0.3938,27.0,817.0,-0.0028
7666.4502,6675.0,0.0192,2026-10-09,put,0.3,0.4,0.35,0.385,0.0,800.0,-0.003
7666.4502,6700.0,0.0192,2026-10-09,put,0.35,0.45,0.4,0.3813,17.0,2406.0,-0.0031
7666.4502,6750.0,0.0192,2026-10-09,put,0.35,0.45,0.4,0.3635,110.0,995.0,-0.0035
7666.4502,6800.0,0.0192,2026-10-09,put,0.4,0.5,0.45,0.3501,75.0,13723.0,-0.004
7666.4502,6850.0,0.0192,2026-10-09,put,0.45,0.55,0.5,0.336,20.0,696.0,-0.0045
7666.4502,6900.0,0.0192,2026-10-09,put,0.5,0.6,0.55,0.3214,65.0,842.0,-0.0051
7666.4502,6925.0,0.0192,2026-10-09,put,0.5,0.65,0.575,0.3139,0.0,860.0,-0.0054
7666.4502,7000.0,0.0192,2026-10-09,call,739.7,754.7,747.2,0.2787,1.0,834.0,0.9936
7666.4502,7000.0,0.0192,2026-10-09,put,0.6,0.7,0.6499999999999999,0.2908,10645.0,11822.0,-0.0066
7666.4502,7025.0,0.0192,2026-10-09,put,0.65,0.75,0.7,0.2842,68.0,265.0,-0.007
7666.4502,7050.0,0.0192,2026-10-09,put,0.65,0.8,0.7250000000000001,0.2761,182.0,1144.0,-0.0075
7666.4502,7090.0,0.0192,2026-10-09,put,0.75,0.85,0.8,0.2646,11.0,1091.0,-0.0084
7666.4502,7100.0,0.0192,2026-10-09,put,0.75,0.85,0.8,0.2609,428.0,3028.0,-0.0087
7666.4502,7125.0,0.0192,2026-10-09,put,0.8,0.9,0.8500000000000001,0.2535,58.0,386.0,-0.0093
7666.4502,7140.0,0.0192,2026-10-09,put,0.8,0.9,0.8500000000000001,0.2479,58.0,91.0,-0.0098
7666.4502,7150.0,0.0192,2026-10-09,put,0.8,0.95,0.875,0.2459,67.0,535.0,-0.0101
7666.4502,7200.0,0.0192,2026-10-09,put,0.9,1.05,0.9750000000000001,0.2295,564.0,4805.0,-0.0118
7666.4502,7225.0,0.0192,2026-10-09,put,1.0,1.1,1.05,0.2222,64.0,702.0,-0.0129
7666.4502,7240.0,0.0192,2026-10-09,put,1.0,1.15,1.075,0.2171,16.0,549.0,-0.0136
7666.4502,7250.0,0.0192,2026-10-09,put,1.05,1.15,1.1,0.214,328.0,824.0,-0.0141
7666.4502,7270.0,0.0192,2026-10-09,put,1.1,1.25,1.175,0.2081,102.0,285.0,-0.0153
7666.4502,7275.0,0.0192,2026-10-09,put,1.15,1.25,1.2,0.2068,171.0,1248.0,-0.0156
7666.4502,7280.0,0.0192,2026-10-09,put,1.15,1.25,1.2,0.2048,54.0,185.0,-0.0159
7666.4502,7290.0,0.0192,2026-10-09,put,1.2,1.3,1.25,0.2021,107.0,344.0,-0.0166
7666.4502,7300.0,0.0192,2026-10-09,put,1.25,1.35,1.3,0.1992,1345.0,2094.0,-0.0174
7666.4502,7310.0,0.0192,2026-10-09,put,1.3,1.4,1.35,0.1964,234.0,1923.0,-0.0182
7666.4502,7320.0,0.0192,2026-10-09,put,1.35,1.45,1.4,0.1934,153.0,234.0,-0.019
7666.4502,7325.0,0.0192,2026-10-09,call,415.7,430.0,422.85,0.1774,50.0,51.0,0.9806
7666.4502,7325.0,0.0192,2026-10-09,put,1.35,1.5,1.425,0.192,202.0,856.0,-0.0195
7666.4502,7330.0,0.0192,2026-10-09,put,1.4,1.5,1.45,0.1904,165.0,495.0,-0.02
7666.4502,7340.0,0.0192,2026-10-09,put,1.45,1.6,1.525,0.1879,195.0,208.0,-0.021
7666.4502,7350.0,0.0192,2026-10-09,put,1.55,1.65,1.6,0.1852,359.0,2343.0,-0.0222
7666.4502,7360.0,0.0192,2026-10-09,put,1.65,1.75,1.7,0.1825,228.0,540.0,-0.0234
7666.4502,7365.0,0.0192,2026-10-09,put,1.65,1.8,1.725,0.1812,134.0,123.0,-0.0241
7666.4502,7370.0,0.0192,2026-10-09,put,1.7,1.85,1.775,0.18,227.0,502.0,-0.0248
7666.4502,7375.0,0.0192,2026-10-09,put,1.75,1.9,1.825,0.1788,404.0,1664.0,-0.0256
7666.4502,7380.0,0.0192,2026-10-09,put,1.8,1.95,1.875,0.1775,96.0,185.0,-0.0264
7666.4502,7385.0,0.0192,2026-10-09,put,1.85,2.0,1.925,0.1762,128.0,125.0,-0.0272
7666.4502,7390.0,0.0192,2026-10-09,put,1.95,2.05,2.0,0.1752,178.0,1342.0,-0.028
7666.4502,7400.0,0.0192,2026-10-09,put,2.05,2.2,2.125,0.1727,816.0,4822.0,-0.0299
7666.4502,7410.0,0.0192,2026-10-09,put,2.2,2.35,2.2750000000000004,0.1705,139.0,431.0,-0.032
7666.4502,7415.0,0.0192,2026-10-09,put,2.3,2.45,2.375,0.1693,183.0,256.0,-0.0331
7666.4502,7420.0,0.0192,2026-10-09,put,2.35,2.5,2.425,0.168,84.0,447.0,-0.0343
7666.4502,7425.0,0.0192,2026-10-09,put,2.45,2.6,2.5250000000000004,0.1671,177.0,389.0,-0.0355
7666.4502,7430.0,0.0192,2026-10-09,put,2.55,2.65,2.5999999999999996,0.1658,91.0,191.0,-0.0368
7666.4502,7435.0,0.0192,2026-10-09,put,2.65,2.75,2.7,0.1647,117.0,219.0,-0.0382
7666.4502,7440.0,0.0192,2026-10-09,put,2.75,2.85,2.8,0.1636,111.0,569.0,-0.0397
7666.4502,7450.0,0.0192,2026-10-09,put,3.0,3.1,3.05,0.1615,825.0,1161.0,-0.0428
7666.4502,7455.0,0.0192,2026-10-09,put,3.1,3.2,3.1500000000000004,0.1605,338.0,219.0,-0.0445
7666.4502,7460.0,0.0192,2026-10-09,put,3.2,3.4,3.3,0.1592,115.0,286.0,-0.0463
7666.4502,7470.0,0.0192,2026-10-09,put,3.5,3.6,3.55,0.1574,118.0,321.0,-0.0501
7666.4502,7475.0,0.0192,2026-10-09,put,3.6,3.8,3.7,0.1564,811.0,1242.0,-0.0522
7666.4502,7480.0,0.0192,2026-10-09,put,3.8,3.9,3.8499999999999996,0.1553,53.0,942.0,-0.0543
7666.4502,7485.0,0.0192,2026-10-09,put,3.9,4.1,4.0,0.1542,94.0,187.0,-0.0566
7666.4502,7490.0,0.0192,2026-10-09,put,4.1,4.3,4.199999999999999,0.1534,134.0,442.0,-0.059
7666.4502,7495.0,0.0192,2026-10-09,put,4.3,4.5,4.4,0.1526,103.0,196.0,-0.0616
7666.4502,7500.0,0.0192,2026-10-09,put,4.5,4.7,4.6,0.1516,1732.0,2636.0,-0.0642
7666.4502,7505.0,0.0192,2026-10-09,put,4.7,4.9,4.800000000000001,0.1506,75.0,140.0,-0.067
7666.4502,7510.0,0.0192,2026-10-09,put,4.9,5.1,5.0,0.1496,245.0,431.0,-0.0699
7666.4502,7515.0,0.0192,2026-10-09,put,5.1,5.3,5.199999999999999,0.1485,102.0,352.0,-0.073
7666.4502,7520.0,0.0192,2026-10-09,put,5.4,5.6,5.5,0.1473,129.0,366.0,-0.0762
7666.4502,7525.0,0.0192,2026-10-09,put,5.6,5.8,5.699999999999999,0.1466,569.0,780.0,-0.0795
7666.4502,7530.0,0.0192,2026-10-09,put,5.9,6.0,5.95,0.1456,221.0,587.0,-0.083
7666.4502,7535.0,0.0192,2026-10-09,put,6.1,6.3,6.199999999999999,0.1445,73.0,150.0,-0.0867
7666.4502,7540.0,0.0192,2026-10-09,put,6.4,6.6,6.5,0.1437,126.0,480.0,-0.0906
7666.4502,7545.0,0.0192,2026-10-09,put,6.7,6.9,6.800000000000001,0.1427,108.0,246.0,-0.0946
7666.4502,7550.0,0.0192,2026-10-09,call,203.6,204.9,204.25,0.1415,75.0,154.0,0.9012
7666.4502,7550.0,0.0192,2026-10-09,put,7.1,7.2,7.15,0.1419,923.0,1569.0,-0.0989
7666.4502,7555.0,0.0192,2026-10-09,put,7.4,7.6,7.5,0.1411,70.0,170.0,-0.1033
7666.4502,7560.0,0.0192,2026-10-09,put,7.8,7.9,7.85,0.1401,460.0,733.0,-0.108
7666.4502,7565.0,0.0192,2026-10-09,put,8.2,8.3,8.25,0.1393,107.0,546.0,-0.1128
7666.4502,7570.0,0.0192,2026-10-09,put,8.6,8.7,8.649999999999999,0.1382,214.0,614.0,-0.1178
7666.4502,7575.0,0.0192,2026-10-09,put,9.0,9.2,9.1,0.1377,434.0,1132.0,-0.1231
7666.4502,7580.0,0.0192,2026-10-09,put,9.4,9.6,9.5,0.1366,766.0,1304.0,-0.1287
7666.4502,7585.0,0.0192,2026-10-09,put,9.9,10.1,10.0,0.1359,405.0,470.0,-0.1344
7666.4502,7590.0,0.0192,2026-10-09,put,10.4,10.6,10.5,0.135,272.0,604.0,-0.1404
7666.4502,7595.0,0.0192,2026-10-09,put,10.9,11.1,11.0,0.1341,51.0,228.0,-0.1467
7666.4502,7600.0,0.0192,2026-10-09,call,158.0,159.3,158.65,0.1328,545.0,615.0,0.8469
7666.4502,7600.0,0.0192,2026-10-09,put,11.5,11.7,11.6,0.133,2953.0,5567.0,-0.1532
7666.4502,7605.0,0.0192,2026-10-09,put,12.0,12.2,12.1,0.1323,141.0,202.0,-0.1601
7666.4502,7610.0,0.0192,2026-10-09,call,149.1,150.5,149.8,0.131,156.0,169.0,0.833
7666.4502,7610.0,0.0192,2026-10-09,put,12.6,12.8,12.7,0.1314,518.0,709.0,-0.1672
7666.4502,7615.0,0.0192,2026-10-09,call,143.0,150.5,146.75,0.13,57.0,32.0,0.8256
7666.4502,7615.0,0.0192,2026-10-09,put,13.3,13.5,13.4,0.1305,342.0,1063.0,-0.1746
7666.4502,7620.0,0.0192,2026-10-09,call,140.4,141.8,141.10000000000002,0.1292,172.0,162.0,0.8179
7666.4502,7620.0,0.0192,2026-10-09,put,13.9,14.1,14.0,0.1297,391.0,791.0,-0.1822
7666.4502,7625.0,0.0192,2026-10-09,call,136.1,137.5,136.8,0.1284,249.0,608.0,0.8099
7666.4502,7625.0,0.0192,2026-10-09,put,14.6,14.8,14.7,0.1289,774.0,1159.0,-0.1902
7666.4502,7630.0,0.0192,2026-10-09,call,131.9,133.2,132.55,0.1278,156.0,183.0,0.8016
7666.4502,7630.0,0.0192,2026-10-09,put,15.4,15.6,15.5,0.1279,432.0,721.0,-0.1986
7666.4502,7635.0,0.0192,2026-10-09,call,127.7,129.0,128.35,0.1267,171.0,177.0,0.7929
7666.4502,7635.0,0.0192,2026-10-09,put,16.1,16.4,16.25,0.1272,1200.0,2151.0,-0.2072
7666.4502,7640.0,0.0192,2026-10-09,call,123.5,124.8,124.15,0.1258,229.0,297.0,0.7839
7666.4502,7640.0,0.0192,2026-10-09,put,16.9,17.2,17.049999999999997,0.1263,206.0,782.0,-0.2162
7666.4502,7645.0,0.0192,2026-10-09,call,119.4,120.7,120.05000000000001,0.125,114.0,95.0,0.7746
7666.4502,7645.0,0.0192,2026-10-09,put,17.8,18.0,17.9,0.1255,173.0,236.0,-0.2255
7666.4502,7650.0,0.0192,2026-10-09,call,115.2,116.5,115.85,0.1242,463.0,893.0,0.7649
7666.4502,7650.0,0.0192,2026-10-09,put,18.7,18.9,18.799999999999997,0.1246,608.0,1439.0,-0.2352
7666.4502,7655.0,0.0192,2026-10-09,call,111.1,112.5,111.8,0.1232,177.0,162.0,0.7549
7666.4502,7655.0,0.0192,2026-10-09,put,19.6,19.8,19.700000000000003,0.1237,183.0,608.0,-0.2452
7666.4502,7660.0,0.0192,2026-10-09,call,107.2,108.5,107.85,0.1224,218.0,292.0,0.7445
7666.4502,7660.0,0.0192,2026-10-09,put,20.6,20.8,20.700000000000003,0.1229,309.0,657.0,-0.2556
7666.4502,7665.0,0.0192,2026-10-09,call,103.2,104.5,103.85,0.1215,885.0,400.0,0.7338
7666.4502,7665.0,0.0192,2026-10-09,put,21.6,21.9,21.75,0.122,626.0,581.0,-0.2663
7666.4502,7670.0,0.0192,2026-10-09,call,99.6,100.1,99.85,0.121,194.0,367.0,0.7226
7666.4502,7670.0,0.0192,2026-10-09,put,22.7,22.9,22.799999999999997,0.1212,246.0,639.0,-0.2775
7666.4502,7675.0,0.0192,2026-10-09,call,95.7,96.3,96.0,0.12,360.0,456.0,0.7111
7666.4502,7675.0,0.0192,2026-10-09,put,23.8,24.1,23.950000000000003,0.1203,348.0,1259.0,-0.289
7666.4502,7680.0,0.0192,2026-10-09,call,91.9,92.4,92.15,0.1192,156.0,271.0,0.6993
7666.4502,7680.0,0.0192,2026-10-09,put,25.0,25.3,25.15,0.1195,607.0,1062.0,-0.3008
7666.4502,7685.0,0.0192,2026-10-09,call,88.3,88.7,88.5,0.1184,158.0,110.0,0.687
7666.4502,7685.0,0.0192,2026-10-09,put,26.2,26.5,26.35,0.1186,85.0,279.0,-0.3131
7666.4502,7690.0,0.0192,2026-10-09,call,84.5,85.0,84.75,0.1175,288.0,296.0,0.6744
7666.4502,7690.0,0.0192,2026-10-09,put,27.5,27.8,27.65,0.1178,145.0,419.0,-0.3258
7666.4502,7695.0,0.0192,2026-10-09,call,80.9,81.3,81.1,0.1167,113.0,217.0,0.6614
7666.4502,7695.0,0.0192,2026-10-09,put,28.8,29.1,28.950000000000003,0.1171,60.0,142.0,-0.3388
7666.4502,7700.0,0.0192,2026-10-09,call,77.3,77.7,77.5,0.1159,1757.0,1591.0,0.6479
7666.4502,7700.0,0.0192,2026-10-09,put,30.3,30.6,30.450000000000003,0.1162,618.0,2315.0,-0.3522
7666.4502,7705.0,0.0192,2026-10-09,call,73.9,74.3,74.1,0.1152,201.0,300.0,0.6342
7666.4502,7705.0,0.0192,2026-10-09,put,31.8,32.1,31.950000000000003,0.1154,149.0,563.0,-0.366
7666.4502,7710.0,0.0192,2026-10-09,call,70.4,70.8,70.6,0.1142,345.0,436.0,0.62
7666.4502,7710.0,0.0192,2026-10-09,put,33.3,33.6,33.45,0.1146,106.0,394.0,-0.3801
7666.4502,7715.0,0.0192,2026-10-09,call,67.0,67.4,67.2,0.1136,329.0,343.0,0.6055
7666.4502,7715.0,0.0192,2026-10-09,put,34.9,35.3,35.099999999999994,0.1137,73.0,221.0,-0.3946
7666.4502,7720.0,0.0192,2026-10-09,call,63.8,64.2,64.0,0.1128,237.0,336.0,0.5906
7666.4502,7720.0,0.0192,2026-10-09,put,36.6,37.0,36.8,0.113,1095.0,1615.0,-0.4095
7666.4502,7725.0,0.0192,2026-10-09,call,60.5,60.9,60.7,0.1119,3610.0,3914.0,0.5754
7666.4502,7725.0,0.0192,2026-10-09,put,38.4,38.8,38.599999999999994,0.1122,91.0,770.0,-0.4247
7666.4502,7730.0,0.0192,2026-10-09,call,57.4,57.8,57.599999999999994,0.1111,422.0,491.0,0.5599
7666.4502,7730.0,0.0192,2026-10-09,put,40.3,40.6,40.45,0.1114,34.0,1257.0,-0.4403
7666.4502,7735.0,0.0192,2026-10-09,call,54.4,54.8,54.599999999999994,0.1105,215.0,267.0,0.544
7666.4502,7735.0,0.0192,2026-10-09,put,42.3,42.6,42.45,0.1107,50.0,467.0,-0.4561
7666.4502,7740.0,0.0192,2026-10-09,call,51.4,51.9,51.65,0.1097,194.0,621.0,0.5279
7666.4502,7740.0,0.0192,2026-10-09,put,44.3,44.6,44.45,0.11,65.0,350.0,-0.4723
7666.4502,7745.0,0.0192,2026-10-09,call,48.6,49.0,48.8,0.1089,1272.0,1295.0,0.5115
7666.4502,7745.0,0.0192,2026-10-09,put,46.3,46.7,46.5,0.1091,1155.0,1197.0,-0.4887
7666.4502,7750.0,0.0192,2026-10-09,call,45.8,46.2,46.0,0.1082,1888.0,3297.0,0.4948
7666.4502,7750.0,0.0192,2026-10-09,put,48.6,48.9,48.75,0.1084,110.0,1282.0,-0.5053
7666.4502,7755.0,0.0192,2026-10-09,call,43.0,43.4,43.2,0.1075,724.0,447.0,0.478
7666.4502,7755.0,0.0192,2026-10-09,put,50.9,51.2,51.05,0.1077,61.0,139.0,-0.5221
7666.4502,7760.0,0.0192,2026-10-09,call,40.4,40.8,40.599999999999994,0.1068,232.0,769.0,0.461
7666.4502,7765.0,0.0192,2026-10-09,call,37.9,38.3,38.099999999999994,0.1062,179.0,242.0,0.4439
7666.4502,7770.0,0.0192,2026-10-09,call,35.5,35.9,35.7,0.1056,4202.0,4489.0,0.4267
7666.4502,7775.0,0.0192,2026-10-09,call,33.2,33.6,33.400000000000006,0.105,444.0,2029.0,0.4094
7666.4502,7780.0,0.0192,2026-10-09,call,31.0,31.4,31.2,0.1044,375.0,663.0,0.3922
7666.4502,7785.0,0.0192,2026-10-09,call,28.9,29.3,29.1,0.1037,210.0,624.0,0.375
7666.4502,7790.0,0.0192,2026-10-09,call,26.9,27.2,27.049999999999997,0.1032,281.0,397.0,0.3579
7666.4502,7790.0,0.0192,2026-10-09,put,69.6,70.0,69.8,0.1036,213.0,589.0,-0.6422
7666.4502,7795.0,0.0192,2026-10-09,call,24.9,25.3,25.1,0.1028,692.0,684.0,0.341
7666.4502,7800.0,0.0192,2026-10-09,call,23.1,23.5,23.3,0.1022,2359.0,3719.0,0.3243
7666.4502,7805.0,0.0192,2026-10-09,call,21.4,21.8,21.6,0.1018,89.0,554.0,0.3078
7666.4502,7810.0,0.0192,2026-10-09,call,19.8,20.1,19.950000000000003,0.1013,283.0,379.0,0.2916
7666.4502,7815.0,0.0192,2026-10-09,call,18.3,18.6,18.450000000000003,0.1009,1224.0,1085.0,0.2757
7666.4502,7820.0,0.0192,2026-10-09,call,16.8,17.1,16.950000000000003,0.1005,1027.0,1991.0,0.2602
7666.4502,7825.0,0.0192,2026-10-09,call,15.5,15.7,15.6,0.1002,667.0,1969.0,0.245
7666.4502,7830.0,0.0192,2026-10-09,call,14.2,14.5,14.35,0.0997,523.0,6987.0,0.2304
7666.4502,7835.0,0.0192,2026-10-09,call,13.0,13.3,13.15,0.0994,191.0,253.0,0.2161
7666.4502,7840.0,0.0192,2026-10-09,call,11.9,12.2,12.05,0.0991,250.0,448.0,0.2023
7666.4502,7845.0,0.0192,2026-10-09,call,10.9,11.1,11.0,0.099,123.0,192.0,0.189
7666.4502,7850.0,0.0192,2026-10-09,call,9.9,10.2,10.05,0.0986,2108.0,12494.0,0.1763
7666.4502,7850.0,0.0192,2026-10-09,put,112.0,113.3,112.65,0.0987,27.0,998.0,-0.8238
7666.4502,7855.0,0.0192,2026-10-09,call,9.0,9.3,9.15,0.0983,618.0,607.0,0.1641
7666.4502,7860.0,0.0192,2026-10-09,call,8.2,8.4,8.3,0.0982,412.0,587.0,0.1524
7666.4502,7865.0,0.0192,2026-10-09,call,7.4,7.7,7.550000000000001,0.0978,153.0,147.0,0.1413
7666.4502,7870.0,0.0192,2026-10-09,call,6.7,7.0,6.85,0.0976,253.0,1250.0,0.1308
7666.4502,7875.0,0.0192,2026-10-09,call,6.1,6.3,6.199999999999999,0.0974,1393.0,3014.0,0.1208
7666.4502,7880.0,0.0192,2026-10-09,call,5.5,5.7,5.6,0.0972,165.0,427.0,0.1114
7666.4502,7885.0,0.0192,2026-10-09,call,4.9,5.2,5.050000000000001,0.0973,83.0,121.0,0.1025
7666.4502,7890.0,0.0192,2026-10-09,call,4.5,4.7,4.6,0.0972,260.0,661.0,0.0943
7666.4502,7895.0,0.0192,2026-10-09,call,4.0,4.2,4.1,0.0968,190.0,210.0,0.0865
7666.4502,7900.0,0.0192,2026-10-09,call,3.6,3.8,3.7,0.0968,687.0,3130.0,0.0794
7666.4502,7910.0,0.0192,2026-10-09,call,2.95,3.1,3.0250000000000004,0.097,253.0,1378.0,0.0666
7666.4502,7920.0,0.0192,2026-10-09,call,2.4,2.55,2.4749999999999996,0.0973,228.0,896.0,0.0557
7666.4502,7925.0,0.0192,2026-10-09,call,2.15,2.3,2.2249999999999996,0.0973,129.0,778.0,0.051
7666.4502,7930.0,0.0192,2026-10-09,call,1.95,2.05,2.0,0.0977,89.0,804.0,0.0466
7666.4502,7940.0,0.0192,2026-10-09,call,1.6,1.7,1.65,0.098,107.0,514.0,0.0391
7666.4502,7950.0,0.0192,2026-10-09,call,1.25,1.45,1.35,0.0986,287.0,2815.0,0.033
7666.4502,7960.0,0.0192,2026-10-09,call,1.05,1.2,1.125,0.0994,249.0,672.0,0.028
7666.4502,7970.0,0.0192,2026-10-09,call,0.9,1.05,0.9750000000000001,0.1009,75.0,155.0,0.024
7666.4502,7975.0,0.0192,2026-10-09,call,0.8,0.95,0.875,0.1011,130.0,973.0,0.0223
7666.4502,7980.0,0.0192,2026-10-09,call,0.75,0.9,0.825,0.102,126.0,365.0,0.0208
7666.4502,7990.0,0.0192,2026-10-09,call,0.65,0.8,0.7250000000000001,0.1037,126.0,184.0,0.0182
7666.4502,8000.0,0.0192,2026-10-09,call,0.6,0.7,0.6499999999999999,0.1056,206.0,1934.0,0.0161
7666.4502,8025.0,0.0192,2026-10-09,call,0.45,0.55,0.5,0.1104,30.0,999.0,0.0124
7666.4502,8050.0,0.0192,2026-10-09,call,0.35,0.45,0.4,0.1155,99.0,427.0,0.01
7666.4502,8075.0,0.0192,2026-10-09,call,0.3,0.4,0.35,0.1217,809.0,1093.0,0.0083
7666.4502,8100.0,0.0192,2026-10-09,call,0.25,0.35,0.3,0.1273,38.0,953.0,0.0071
7666.4502,8130.0,0.0192,2026-10-09,call,0.2,0.3,0.25,0.1338,10.0,549.0,0.006
7666.4502,8150.0,0.0192,2026-10-09,call,0.2,0.3,0.25,0.1399,57.0,432.0,0.0054
7666.4502,8200.0,0.0192,2026-10-09,call,0.15,0.25,0.2,0.1513,17.0,981.0,0.0043
7666.4502,8225.0,0.0192,2026-10-09,call,0.15,0.25,0.2,0.1585,1.0,809.0,0.0039
7666.4502,8300.0,0.0192,2026-10-09,call,0.1,0.25,0.175,0.1778,161.0,2167.0,0.0029
7666.4502,8375.0,0.0192,2026-10-09,call,0.05,0.2,0.125,0.1923,0.0,6250.0,0.0023
7666.4502,8400.0,0.0192,2026-10-09,call,0.05,0.2,0.125,0.1989,1.0,1373.0,0.0021
7666.4502,8450.0,0.0192,2026-10-09,call,0.05,0.15,0.1,0.208,157.0,408.0,0.0018
7666.4502,8500.0,0.0192,2026-10-09,call,0.05,0.15,0.1,0.2208,651.0,793.0,0.0016
7666.4502,9000.0,0.0192,2026-10-09,put,1244.2,1259.2,1251.7,0.3576,0.0,1002.0,-0.9997
7666.4502,5800.0,0.0274,2026-10-12,put,0.05,0.2,0.125,0.5465,220.0,1114.0,-0.0007
7666.4502,6000.0,0.0274,2026-10-12,put,0.1,0.25,0.175,0.4999,0.0,1423.0,-0.001
7666.4502,6200.0,0.0274,2026-10-12,put,0.15,0.3,0.22499999999999998,0.4496,50.0,253.0,-0.0014
7666.4502,6300.0,0.0274,2026-10-12,put,0.2,0.35,0.275,0.4273,87.0,6352.0,-0.0018
7666.4502,6400.0,0.0274,2026-10-12,put,0.25,0.4,0.325,0.404,1013.0,1353.0,-0.0022
7666.4502,6500.0,0.0274,2026-10-12,put,0.3,0.45,0.375,0.379,58.0,2239.0,-0.0027
7666.4502,6600.0,0.0274,2026-10-12,put,0.4,0.55,0.47500000000000003,0.3572,1000.0,6213.0,-0.0034
7666.4502,6825.0,0.0274,2026-10-12,put,0.65,0.8,0.7250000000000001,0.3025,2.0,1150.0,-0.0057
7666.4502,6950.0,0.0274,2026-10-12,put,0.8,0.95,0.875,0.2695,71.0,193.0,-0.0078
7666.4502,7000.0,0.0274,2026-10-12,put,0.85,1.05,0.95,0.2562,251.0,570.0,-0.0089
7666.4502,7050.0,0.0274,2026-10-12,put,0.95,1.15,1.0499999999999998,0.2434,55.0,173.0,-0.0101
7666.4502,7100.0,0.0274,2026-10-12,put,1.05,1.25,1.15,0.2299,511.0,1222.0,-0.0117
7666.4502,7200.0,0.0274,2026-10-12,put,1.35,1.55,1.4500000000000002,0.2039,46.0,508.0,-0.0161
7666.4502,7250.0,0.0274,2026-10-12,put,1.6,1.8,1.7000000000000002,0.1917,269.0,388.0,-0.0194
7666.4502,7300.0,0.0274,2026-10-12,put,1.95,2.15,2.05,0.1798,48.0,538.0,-0.0241
7666.4502,7325.0,0.0274,2026-10-12,put,2.15,2.4,2.275,0.1743,93.0,325.0,-0.0272
7666.4502,7330.0,0.0274,2026-10-12,put,2.2,2.45,2.325,0.1731,52.0,99.0,-0.0279
7666.4502,7340.0,0.0274,2026-10-12,put,2.3,2.55,2.425,0.1707,50.0,76.0,-0.0294
7666.4502,7350.0,0.0274,2026-10-12,put,2.45,2.7,2.575,0.1683,59.0,377.0,-0.031
7666.4502,7360.0,0.0274,2026-10-12,put,2.55,2.85,2.7,0.1666,179.0,189.0,-0.0328
7666.4502,7400.0,0.0274,2026-10-12,put,3.3,3.5,3.4,0.1578,63.0,680.0,-0.0415
7666.4502,7410.0,0.0274,2026-10-12,put,3.4,3.8,3.5999999999999996,0.1561,119.0,131.0,-0.0442
7666.4502,7425.0,0.0274,2026-10-12,put,3.8,4.1,3.9499999999999997,0.1531,74.0,309.0,-0.0488
7666.4502,7450.0,0.0274,2026-10-12,put,4.5,4.8,4.65,0.1483,82.0,371.0,-0.0578
7666.4502,7475.0,0.0274,2026-10-12,put,5.4,5.7,5.550000000000001,0.1438,92.0,298.0,-0.0689
7666.4502,7500.0,0.0274,2026-10-12,put,6.6,6.9,6.75,0.1397,73.0,468.0,-0.0827
7666.4502,7540.0,0.0274,2026-10-12,put,9.0,9.4,9.2,0.1329,106.0,1092.0,-0.1115
7666.4502,7550.0,0.0274,2026-10-12,put,9.9,10.2,10.05,0.1316,119.0,448.0,-0.1203
7666.4502,7560.0,0.0274,2026-10-12,put,10.7,11.1,10.899999999999999,0.1298,130.0,634.0,-0.1298
7666.4502,7580.0,0.0274,2026-10-12,put,12.7,13.1,12.899999999999999,0.1266,130.0,100.0,-0.1511
7666.4502,7590.0,0.0274,2026-10-12,put,13.8,14.2,14.0,0.1251,85.0,179.0,-0.1631
7666.4502,7600.0,0.0274,2026-10-12,put,15.0,15.4,15.2,0.1236,111.0,639.0,-0.1759
7666.4502,7615.0,0.0274,2026-10-12,put,17.1,17.5,17.3,0.1212,14.0,948.0,-0.1971
7666.4502,7625.0,0.0274,2026-10-12,put,18.6,19.0,18.8,0.1198,94.0,308.0,-0.2125
7666.4502,7630.0,0.0274,2026-10-12,call,134.3,139.0,136.65,0.1179,50.0,72.0,0.7794
7666.4502,7630.0,0.0274,2026-10-12,put,19.4,19.8,19.6,0.119,76.0,117.0,-0.2206
7666.4502,7640.0,0.0274,2026-10-12,call,126.1,130.9,128.5,0.1166,81.0,130.0,0.7624
7666.4502,7645.0,0.0274,2026-10-12,call,122.0,126.9,124.45,0.1159,70.0,52.0,0.7534
7666.4502,7645.0,0.0274,2026-10-12,put,22.0,22.5,22.25,0.1167,192.0,122.0,-0.2466
7666.4502,7650.0,0.0274,2026-10-12,call,118.0,122.8,120.4,0.1153,63.0,377.0,0.7442
7666.4502,7650.0,0.0274,2026-10-12,put,23.1,23.5,23.3,0.116,120.0,397.0,-0.2558
7666.4502,7655.0,0.0274,2026-10-12,call,114.0,118.5,116.25,0.1141,58.0,44.0,0.7346
7666.4502,7660.0,0.0274,2026-10-12,put,25.1,25.6,25.35,0.1145,108.0,178.0,-0.2752
7666.4502,7665.0,0.0274,2026-10-12,call,106.2,111.0,108.6,0.1127,94.0,42.0,0.7146
7666.4502,7670.0,0.0274,2026-10-12,call,102.4,107.2,104.80000000000001,0.1122,160.0,216.0,0.7042
7666.4502,7670.0,0.0274,2026-10-12,put,27.2,27.9,27.549999999999997,0.1129,72.0,147.0,-0.2958
7666.4502,7675.0,0.0274,2026-10-12,call,100.6,101.2,100.9,0.1116,67.0,129.0,0.6934
7666.4502,7675.0,0.0274,2026-10-12,put,28.4,29.1,28.75,0.1122,25.0,645.0,-0.3066
7666.4502,7685.0,0.0274,2026-10-12,put,31.1,31.6,31.35,0.1108,51.0,56.0,-0.3291
7666.4502,7700.0,0.0274,2026-10-12,call,82.4,83.2,82.80000000000001,0.1081,107.0,967.0,0.635
7666.4502,7700.0,0.0274,2026-10-12,put,35.3,35.8,35.55,0.1086,26.0,1152.0,-0.3651
7666.4502,7710.0,0.0274,2026-10-12,call,75.6,76.2,75.9,0.1066,48.0,1211.0,0.6094
7666.4502,7720.0,0.0274,2026-10-12,call,69.0,69.6,69.3,0.1052,148.0,1002.0,0.5827
7666.4502,7725.0,0.0274,2026-10-12,call,65.8,66.6,66.19999999999999,0.1045,79.0,570.0,0.569
7666.4502,7725.0,0.0274,2026-10-12,put,43.7,44.2,43.95,0.1051,9.0,510.0,-0.4311
7666.4502,7730.0,0.0274,2026-10-12,call,62.7,63.6,63.150000000000006,0.104,52.0,156.0,0.5549
7666.4502,7735.0,0.0274,2026-10-12,call,59.7,60.3,60.0,0.1034,72.0,84.0,0.5406
7666.4502,7745.0,0.0274,2026-10-12,call,53.8,54.6,54.2,0.102,92.0,100.0,0.5114
7666.4502,7750.0,0.0274,2026-10-12,call,51.0,51.6,51.3,0.1011,158.0,908.0,0.4964
7666.4502,7750.0,0.0274,2026-10-12,put,53.8,54.4,54.099999999999994,0.1019,18.0,611.0,-0.5036
7666.4502,7770.0,0.0274,2026-10-12,call,40.6,41.1,40.85,0.099,65.0,134.0,0.4352
7666.4502,7775.0,0.0274,2026-10-12,call,38.2,38.7,38.45,0.0983,36.0,727.0,0.4197
7666.4502,7785.0,0.0274,2026-10-12,call,33.8,34.3,34.05,0.0974,26.0,638.0,0.3886
7666.4502,7800.0,0.0274,2026-10-12,call,27.8,28.2,28.0,0.0958,323.0,703.0,0.3423
7666.4502,7825.0,0.0274,2026-10-12,call,19.4,19.9,19.65,0.0938,122.0,325.0,0.2686
7666.4502,7830.0,0.0274,2026-10-12,call,18.0,18.4,18.2,0.0934,193.0,1572.0,0.2546
7666.4502,7840.0,0.0274,2026-10-12,call,15.4,15.8,15.600000000000001,0.0929,104.0,1282.0,0.2278
7666.4502,7845.0,0.0274,2026-10-12,call,14.2,14.6,14.399999999999999,0.0925,27.0,633.0,0.2149
7666.4502,7850.0,0.0274,2026-10-12,call,13.1,13.5,13.3,0.0923,133.0,1391.0,0.2024
7666.4502,7860.0,0.0274,2026-10-12,call,11.1,11.5,11.3,0.0917,86.0,116.0,0.1788
7666.4502,7875.0,0.0274,2026-10-12,call,8.6,8.9,8.75,0.0911,59.0,562.0,0.1466
7666.4502,7890.0,0.0274,2026-10-12,call,6.5,6.9,6.7,0.0906,58.0,63.0,0.1186
7666.4502,7900.0,0.0274,2026-10-12,call,5.4,5.7,5.550000000000001,0.0902,90.0,547.0,0.1023
7666.4502,7925.0,0.0274,2026-10-12,call,3.3,3.6,3.45,0.0899,57.0,989.0,0.0694
7666.4502,7950.0,0.0274,2026-10-12,call,2.1,2.3,2.2,0.0907,208.0,543.0,0.0466
7666.4502,7975.0,0.0274,2026-10-12,call,1.3,1.55,1.425,0.092,106.0,497.0,0.0317
7666.4502,8000.0,0.0274,2026-10-12,call,0.9,1.1,1.0,0.0947,70.0,473.0,0.0224
7666.4502,5400.0,0.0301,2026-10-13,put,0.05,0.15,0.1,0.6312,1300.0,2693.0,-0.0004
7666.4502,5600.0,0.0301,2026-10-13,put,0.05,0.2,0.125,0.581,25.0,1088.0,-0.0006
7666.4502,6400.0,0.0301,2026-10-13,put,0.35,0.55,0.45,0.3976,127.0,294.0,-0.0028
7666.4502,6925.0,0.0301,2026-10-13,put,1.0,1.15,1.075,0.2718,52.0,69.0,-0.009
7666.4502,7000.0,0.0301,2026-10-13,put,1.15,1.3,1.225,0.2528,6.0,3078.0,-0.0109
7666.4502,7200.0,0.0301,2026-10-13,put,1.85,2.05,1.95,0.2035,101.0,3196.0,-0.0198
7666.4502,7240.0,0.0301,2026-10-13,put,2.1,2.3,2.2,0.1939,60.0,60.0,-0.023
7666.4502,7425.0,0.0301,2026-10-13,put,5.1,5.4,5.25,0.1553,78.0,118.0,-0.0589
7666.4502,7490.0,0.0301,2026-10-13,put,7.8,8.2,8.0,0.1438,94.0,325.0,-0.0896
7666.4502,7500.0,0.0301,2026-10-13,put,8.5,8.8,8.65,0.1424,816.0,1141.0,-0.0958
7666.4502,7550.0,0.0301,2026-10-13,put,12.2,12.5,12.35,0.1341,53.0,229.0,-0.1348
7666.4502,7575.0,0.0301,2026-10-13,put,14.7,15.0,14.85,0.1301,66.0,578.0,-0.1604
7666.4502,7600.0,0.0301,2026-10-13,put,17.9,18.2,18.049999999999997,0.1262,65.0,430.0,-0.1907
7666.4502,7650.0,0.0301,2026-10-13,call,123.6,125.2,124.4,0.1183,18.0,580.0,0.7316
7666.4502,7650.0,0.0301,2026-10-13,put,26.4,26.8,26.6,0.1186,60.0,141.0,-0.2684
7666.4502,7665.0,0.0301,2026-10-13,put,29.6,30.2,29.9,0.1164,55.0,136.0,-0.2966
7666.4502,7670.0,0.0301,2026-10-13,put,30.8,31.4,31.1,0.1155,54.0,258.0,-0.3066
7666.4502,7675.0,0.0301,2026-10-13,call,104.8,105.5,105.15,0.1145,91.0,167.0,0.6832
7666.4502,7680.0,0.0301,2026-10-13,call,101.2,102.0,101.6,0.1138,79.0,90.0,0.6727
7666.4502,7685.0,0.0301,2026-10-13,call,97.4,98.2,97.80000000000001,0.1132,7.0,648.0,0.662
7666.4502,7700.0,0.0301,2026-10-13,call,86.8,87.5,87.15,0.111,1625.0,1077.0,0.6281
7666.4502,7700.0,0.0301,2026-10-13,put,39.1,39.5,39.3,0.1114,117.0,458.0,-0.3719
7666.4502,7750.0,0.0301,2026-10-13,call,55.5,56.0,55.75,0.1044,130.0,514.0,0.4991
7666.4502,7800.0,0.0301,2026-10-13,call,31.8,32.2,32.0,0.099,365.0,377.0,0.3558
7666.4502,7805.0,0.0301,2026-10-13,call,29.7,30.3,30.0,0.0986,68.0,78.0,0.3415
7666.4502,7825.0,0.0301,2026-10-13,call,22.9,23.4,23.15,0.0969,8.0,3253.0,0.2861
7666.4502,7830.0,0.0301,2026-10-13,call,21.3,21.9,21.6,0.0965,52.0,66.0,0.2728
7666.4502,7840.0,0.0301,2026-10-13,call,18.5,19.1,18.8,0.0959,50.0,62.0,0.247
7666.4502,7850.0,0.0301,2026-10-13,call,16.0,16.5,16.25,0.0952,80.0,444.0,0.2224
7666.4502,7910.0,0.0301,2026-10-13,call,6.1,6.4,6.25,0.0928,67.0,117.0,0.1058
7666.4502,5400.0,0.0329,2026-10-14,put,0.1,0.2,0.15000000000000002,0.6238,27.0,612.0,-0.0006
7666.4502,5800.0,0.0329,2026-10-14,put,0.15,0.35,0.25,0.5294,30.0,890.0,-0.0012
7666.4502,6000.0,0.0329,2026-10-14,put,0.25,0.4,0.325,0.4828,38.0,727.0,-0.0017
7666.4502,6100.0,0.0329,2026-10-14,put,0.3,0.45,0.375,0.46,15.0,667.0,-0.0021
7666.4502,6200.0,0.0329,2026-10-14,put,0.35,0.55,0.45,0.4387,108.0,438.0,-0.0025
7666.4502,6300.0,0.0329,2026-10-14,put,0.45,0.65,0.55,0.4161,60.0,154.0,-0.0031
7666.4502,6400.0,0.0329,2026-10-14,put,0.55,0.7,0.625,0.3941,126.0,612.0,-0.0037
7666.4502,6900.0,0.0329,2026-10-14,put,1.3,1.5,1.4,0.2771,106.0,220.0,-0.0107
7666.4502,7000.0,0.0329,2026-10-14,put,1.55,1.75,1.65,0.2523,98.0,203.0,-0.0137
7666.4502,7050.0,0.0329,2026-10-14,put,1.7,1.9,1.7999999999999998,0.2403,1.0,624.0,-0.0156
7666.4502,7100.0,0.0329,2026-10-14,put,1.95,2.15,2.05,0.2285,50.0,707.0,-0.018
7666.4502,7250.0,0.0329,2026-10-14,put,3.0,3.3,3.15,0.1941,9.0,796.0,-0.0304
7666.4502,7275.0,0.0329,2026-10-14,put,3.4,3.6,3.5,0.1891,29.0,701.0,-0.0337
7666.4502,7300.0,0.0329,2026-10-14,put,3.7,4.0,3.85,0.1837,105.0,271.0,-0.0377
7666.4502,7325.0,0.0329,2026-10-14,put,4.2,4.5,4.35,0.1791,107.0,248.0,-0.0425
7666.4502,7400.0,0.0329,2026-10-14,put,6.1,6.4,6.25,0.1645,75.0,402.0,-0.0628
7666.4502,7410.0,0.0329,2026-10-14,put,6.5,6.8,6.65,0.163,105.0,99.0,-0.0665
7666.4502,7425.0,0.0329,2026-10-14,put,7.0,7.4,7.2,0.1601,152.0,154.0,-0.0724
7666.4502,7440.0,0.0329,2026-10-14,put,7.8,8.1,7.949999999999999,0.1575,55.0,590.0,-0.0789
7666.4502,7450.0,0.0329,2026-10-14,put,8.2,8.5,8.35,0.1559,243.0,275.0,-0.0837
7666.4502,7460.0,0.0329,2026-10-14,put,8.8,9.1,8.95,0.1545,2.0,1328.0,-0.0888
7666.4502,7500.0,0.0329,2026-10-14,put,11.3,11.6,11.45,0.1478,156.0,1613.0,-0.113
7666.4502,7520.0,0.0329,2026-10-14,put,12.8,13.2,13.0,0.1445,0.0,2107.0,-0.1278
7666.4502,7545.0,0.0329,2026-10-14,put,15.1,15.6,15.35,0.1405,96.0,109.0,-0.1492
7666.4502,7550.0,0.0329,2026-10-14,put,15.7,16.1,15.9,0.1399,347.0,214.0,-0.1539
7666.4502,7595.0,0.0329,2026-10-14,put,21.3,21.9,21.6,0.133,136.0,75.0,-0.2036
7666.4502,7620.0,0.0329,2026-10-14,put,25.4,26.0,25.7,0.1293,69.0,116.0,-0.2375
7666.4502,7640.0,0.0329,2026-10-14,call,135.9,140.4,138.15,0.1259,77.0,99.0,0.7317
7666.4502,7645.0,0.0329,2026-10-14,put,30.4,30.9,30.65,0.1258,97.0,81.0,-0.2765
7666.4502,7655.0,0.0329,2026-10-14,put,32.7,33.1,32.900000000000006,0.1243,164.0,133.0,-0.2936
7666.4502,7665.0,0.0329,2026-10-14,put,34.9,35.5,35.2,0.1229,106.0,285.0,-0.3115
7666.4502,7675.0,0.0329,2026-10-14,put,37.4,38.1,37.75,0.1214,61.0,475.0,-0.3303
7666.4502,7685.0,0.0329,2026-10-14,call,103.8,104.7,104.25,0.1201,62.0,81.0,0.65
7666.4502,7690.0,0.0329,2026-10-14,put,41.7,42.3,42.0,0.1193,65.0,365.0,-0.3602
7666.4502,7695.0,0.0329,2026-10-14,call,97.0,97.7,97.35,0.1184,192.0,156.0,0.6294
7666.4502,7700.0,0.0329,2026-10-14,put,44.7,45.2,44.95,0.1178,12.0,658.0,-0.3812
7666.4502,7710.0,0.0329,2026-10-14,call,86.7,87.5,87.1,0.1163,58.0,614.0,0.5969
7666.4502,7725.0,0.0329,2026-10-14,call,77.1,78.0,77.55,0.1145,170.0,240.0,0.5626
7666.4502,7750.0,0.0329,2026-10-14,call,62.3,62.8,62.55,0.1113,41.0,1014.0,0.502
7666.4502,7750.0,0.0329,2026-10-14,put,63.4,64.2,63.8,0.1116,2.0,964.0,-0.498
7666.4502,7775.0,0.0329,2026-10-14,call,49.2,49.7,49.45,0.1085,120.0,771.0,0.4381
7666.4502,7800.0,0.0329,2026-10-14,call,37.9,38.5,38.2,0.106,46.0,1382.0,0.3731
7666.4502,7815.0,0.0329,2026-10-14,call,32.0,32.7,32.35,0.1047,112.0,115.0,0.3346
7666.4502,7840.0,0.0329,2026-10-14,call,23.7,24.3,24.0,0.1029,115.0,158.0,0.2731
7666.4502,7850.0,0.0329,2026-10-14,call,20.9,21.4,21.15,0.1019,108.0,2684.0,0.2498
7666.4502,7875.0,0.0329,2026-10-14,call,15.0,15.4,15.2,0.1005,249.0,482.0,0.196
7666.4502,7900.0,0.0329,2026-10-14,call,10.5,10.9,10.7,0.0995,51.0,436.0,0.1495
7666.4502,7950.0,0.0329,2026-10-14,call,4.8,5.1,4.949999999999999,0.0983,78.0,278.0,0.0808
7666.4502,7975.0,0.0329,2026-10-14,call,3.2,3.6,3.4000000000000004,0.0984,271.0,317.0,0.058
7666.4502,8000.0,0.0329,2026-10-14,call,2.2,2.4,2.3,0.0993,108.0,433.0,0.0416
7666.4502,8050.0,0.0329,2026-10-14,call,1.1,1.3,1.2000000000000002,0.103,103.0,217.0,0.0227
7666.4502,8300.0,0.0329,2026-10-14,call,0.15,0.35,0.25,0.1414,50.0,162.0,0.0048
7666.4502,5200.0,0.0356,2026-10-15,put,0.05,0.2,0.125,0.6498,552.0,882.0,-0.0005
7666.4502,5400.0,0.0356,2026-10-15,put,0.1,0.25,0.175,0.6075,1280.0,2427.0,-0.0007
7666.4502,5600.0,0.0356,2026-10-15,put,0.15,0.3,0.22499999999999998,0.5612,50.0,351.0,-0.001
7666.4502,5800.0,0.0356,2026-10-15,put,0.2,0.35,0.275,0.5138,19.0,1035.0,-0.0014
7666.4502,6000.0,0.0356,2026-10-15,put,0.3,0.5,0.4,0.4737,453.0,1366.0,-0.002
7666.4502,6400.0,0.0356,2026-10-15,put,0.75,0.9,0.825,0.3894,3.0,3121.0,-0.0044
7666.4502,6500.0,0.0356,2026-10-15,put,0.85,1.0,0.925,0.3667,84.0,143.0,-0.0054
7666.4502,6600.0,0.0356,2026-10-15,put,1.0,1.15,1.075,0.3437,630.0,714.0,-0.0066
7666.4502,6650.0,0.0356,2026-10-15,put,1.05,1.25,1.15,0.3319,150.0,204.0,-0.0074
7666.4502,6675.0,0.0356,2026-10-15,put,1.1,1.3,1.2000000000000002,0.3263,632.0,638.0,-0.0077
7666.4502,6750.0,0.0356,2026-10-15,put,1.25,1.45,1.35,0.3092,634.0,659.0,-0.009
7666.4502,6825.0,0.0356,2026-10-15,put,1.4,1.6,1.5,0.2911,188.0,224.0,-0.0106
7666.4502,6875.0,0.0356,2026-10-15,put,1.55,1.75,1.65,0.2798,51.0,99.0,-0.0119
7666.4502,6900.0,0.0356,2026-10-15,put,1.6,1.8,1.7000000000000002,0.2735,637.0,667.0,-0.0126
7666.4502,6925.0,0.0356,2026-10-15,put,1.65,1.9,1.775,0.2681,188.0,283.0,-0.0134
7666.4502,6975.0,0.0356,2026-10-15,put,1.85,2.05,1.95,0.256,633.0,677.0,-0.0151
7666.4502,7000.0,0.0356,2026-10-15,put,1.95,2.15,2.05,0.2502,194.0,344.0,-0.016
7666.4502,7025.0,0.0356,2026-10-15,put,2.05,2.25,2.15,0.2443,223.0,435.0,-0.0171
7666.4502,7050.0,0.0356,2026-10-15,put,2.2,2.35,2.2750000000000004,0.2386,820.0,2179.0,-0.0183
7666.4502,7075.0,0.0356,2026-10-15,put,2.3,2.5,2.4,0.2328,223.0,490.0,-0.0197
7666.4502,7100.0,0.0356,2026-10-15,put,2.45,2.65,2.55,0.2271,188.0,292.0,-0.0212
7666.4502,7125.0,0.0356,2026-10-15,put,2.6,2.8,2.7,0.2217,636.0,673.0,-0.0228
7666.4502,7150.0,0.0356,2026-10-15,put,2.8,3.0,2.9,0.2159,328.0,413.0,-0.0247
7666.4502,7200.0,0.0356,2026-10-15,put,3.2,3.5,3.35,0.2054,673.0,1268.0,-0.0294
7666.4502,7225.0,0.0356,2026-10-15,put,3.5,3.8,3.65,0.1998,206.0,505.0,-0.0323
7666.4502,7290.0,0.0356,2026-10-15,put,4.5,4.8,4.65,0.1866,209.0,209.0,-0.0422
7666.4502,7300.0,0.0356,2026-10-15,put,4.7,5.0,4.85,0.1846,52.0,416.0,-0.0441
7666.4502,7325.0,0.0356,2026-10-15,put,5.2,5.5,5.35,0.1798,55.0,383.0,-0.0494
7666.4502,7330.0,0.0356,2026-10-15,put,5.4,5.6,5.5,0.1791,186.0,155.0,-0.0506
7666.4502,7340.0,0.0356,2026-10-15,put,5.6,5.9,5.75,0.1768,93.0,115.0,-0.0531
7666.4502,7350.0,0.0356,2026-10-15,put,5.9,6.1,6.0,0.1752,99.0,298.0,-0.0557
7666.4502,7370.0,0.0356,2026-10-15,put,6.5,6.8,6.65,0.1715,59.0,81.0,-0.0616
7666.4502,7375.0,0.0356,2026-10-15,put,6.6,7.0,6.8,0.1705,156.0,262.0,-0.0631
7666.4502,7420.0,0.0356,2026-10-15,put,8.4,8.8,8.600000000000001,0.1627,79.0,100.0,-0.0798
7666.4502,7430.0,0.0356,2026-10-15,put,8.9,9.2,9.05,0.1609,111.0,165.0,-0.0842
7666.4502,7440.0,0.0356,2026-10-15,put,9.4,9.7,9.55,0.1591,153.0,190.0,-0.089
7666.4502,7450.0,0.0356,2026-10-15,put,10.0,10.3,10.15,0.1577,72.0,228.0,-0.094
7666.4502,7480.0,0.0356,2026-10-15,put,11.9,12.2,12.05,0.1528,137.0,163.0,-0.1111
7666.4502,7490.0,0.0356,2026-10-15,put,12.6,13.0,12.8,0.1512,57.0,221.0,-0.1176
7666.4502,7500.0,0.0356,2026-10-15,put,13.4,13.8,13.600000000000001,0.1495,55.0,303.0,-0.1245
7666.4502,7520.0,0.0356,2026-10-15,put,15.1,15.5,15.3,0.1464,62.0,104.0,-0.1396
7666.4502,7525.0,0.0356,2026-10-15,put,15.6,16.0,15.8,0.1457,68.0,88.0,-0.1437
7666.4502,7530.0,0.0356,2026-10-15,put,16.1,16.5,16.3,0.1449,112.0,144.0,-0.1479
7666.4502,7550.0,0.0356,2026-10-15,put,18.3,18.7,18.5,0.142,180.0,337.0,-0.166
7666.4502,7575.0,0.0356,2026-10-15,put,21.3,21.9,21.6,0.1381,67.0,151.0,-0.1919
7666.4502,7580.0,0.0356,2026-10-15,put,22.0,22.6,22.3,0.1373,55.0,140.0,-0.1975
7666.4502,7595.0,0.0356,2026-10-15,put,24.4,24.9,24.65,0.1352,69.0,70.0,-0.2154
7666.4502,7600.0,0.0356,2026-10-15,put,25.3,25.7,25.5,0.1345,64.0,592.0,-0.2217
7666.4502,7620.0,0.0356,2026-10-15,put,28.6,29.2,28.9,0.1316,64.0,59.0,-0.2487
7666.4502,7630.0,0.0356,2026-10-15,put,30.6,31.2,30.9,0.13,50.0,95.0,-0.2632
7666.4502,7640.0,0.0356,2026-10-15,call,139.7,144.1,141.89999999999998,0.1286,60.0,59.0,0.7214
7666.4502,7645.0,0.0356,2026-10-15,put,33.8,34.3,34.05,0.128,103.0,73.0,-0.2865
7666.4502,7650.0,0.0356,2026-10-15,put,35.0,35.4,35.2,0.1273,208.0,280.0,-0.2946
7666.4502,7655.0,0.0356,2026-10-15,put,36.1,36.6,36.35,0.1266,73.0,87.0,-0.3029
7666.4502,7665.0,0.0356,2026-10-15,call,122.5,123.3,122.9,0.1252,93.0,78.0,0.6798
7666.4502,7670.0,0.0356,2026-10-15,call,118.8,119.7,119.25,0.1242,85.0,80.0,0.6709
7666.4502,7670.0,0.0356,2026-10-15,put,39.8,40.4,40.099999999999994,0.1244,55.0,76.0,-0.3291
7666.4502,7675.0,0.0356,2026-10-15,call,115.2,116.1,115.65,0.1236,111.0,509.0,0.6618
7666.4502,7675.0,0.0356,2026-10-15,put,41.1,41.8,41.45,0.1237,198.0,457.0,-0.3382
7666.4502,7690.0,0.0356,2026-10-15,call,104.4,105.3,104.85,0.1214,116.0,128.0,0.6333
7666.4502,7700.0,0.0356,2026-10-15,call,97.5,98.3,97.9,0.1201,125.0,583.0,0.6134
7666.4502,7700.0,0.0356,2026-10-15,put,48.6,49.1,48.85,0.1204,30.0,555.0,-0.3866
7666.4502,7750.0,0.0356,2026-10-15,call,66.5,67.1,66.8,0.1139,16.0,747.0,0.5031
7666.4502,7750.0,0.0356,2026-10-15,put,67.4,67.9,67.65,0.1141,33.0,811.0,-0.4969
7666.4502,7760.0,0.0356,2026-10-15,call,61.1,61.8,61.45,0.1127,53.0,60.0,0.4794
7666.4502,7765.0,0.0356,2026-10-15,call,58.4,58.9,58.65,0.1123,114.0,111.0,0.4673
7666.4502,7785.0,0.0356,2026-10-15,call,48.5,49.1,48.8,0.1102,50.0,60.0,0.4186
7666.4502,7800.0,0.0356,2026-10-15,call,41.8,42.3,42.05,0.1087,84.0,394.0,0.3818
7666.4502,7820.0,0.0356,2026-10-15,call,33.9,34.5,34.2,0.1069,74.0,85.0,0.3333
7666.4502,7825.0,0.0356,2026-10-15,call,32.1,32.7,32.400000000000006,0.1065,181.0,367.0,0.3214
7666.4502,7830.0,0.0356,2026-10-15,call,30.3,31.0,30.65,0.1061,160.0,204.0,0.3096
7666.4502,7840.0,0.0356,2026-10-15,call,27.0,27.7,27.35,0.1053,143.0,186.0,0.2865
7666.4502,7850.0,0.0356,2026-10-15,call,24.1,24.6,24.35,0.1046,107.0,331.0,0.264
7666.4502,7860.0,0.0356,2026-10-15,call,21.3,21.9,21.6,0.104,121.0,164.0,0.2424
7666.4502,7875.0,0.0356,2026-10-15,call,17.7,18.2,17.95,0.1031,129.0,185.0,0.2116
7666.4502,7900.0,0.0356,2026-10-15,call,12.7,13.0,12.85,0.1018,69.0,283.0,0.1653
7666.4502,7910.0,0.0356,2026-10-15,call,11.1,11.5,11.3,0.1016,314.0,283.0,0.1487
7666.4502,7925.0,0.0356,2026-10-15,call,9.0,9.3,9.15,0.1011,218.0,312.0,0.1261
7666.4502,7940.0,0.0356,2026-10-15,call,7.2,7.6,7.4,0.1008,51.0,126.0,0.1061
7666.4502,7950.0,0.0356,2026-10-15,call,6.2,6.5,6.35,0.1004,146.0,362.0,0.0942
7666.4502,7975.0,0.0356,2026-10-15,call,4.3,4.6,4.449999999999999,0.1006,83.0,155.0,0.0693
7666.4502,8000.0,0.0356,2026-10-15,call,3.0,3.2,3.1,0.101,511.0,533.0,0.0507
7666.4502,8025.0,0.0356,2026-10-15,call,2.05,2.35,2.2,0.1018,57.0,358.0,0.0373
7666.4502,8050.0,0.0356,2026-10-15,call,1.5,1.75,1.625,0.1036,450.0,342.0,0.0279
7666.4502,8075.0,0.0356,2026-10-15,call,1.1,1.3,1.2000000000000002,0.1058,107.0,234.0,0.0215
7666.4502,4000.0,0.0383,2026-10-16,call,3741.7,3749.4,3745.55,1.0728,88.0,99.0,0.9998
7666.4502,5000.0,0.0383,2026-10-16,put,0.05,0.15,0.1,0.6738,0.0,1309.0,-0.0004
7666.4502,5200.0,0.0383,2026-10-16,put,0.1,0.2,0.15000000000000002,0.6359,1.0,938.0,-0.0005
7666.4502,5250.0,0.0383,2026-10-16,put,0.1,0.2,0.15000000000000002,0.6215,0.0,1092.0,-0.0006
7666.4502,5400.0,0.0383,2026-10-16,put,0.1,0.25,0.175,0.5864,0.0,632.0,-0.0007
7666.4502,5500.0,0.0383,2026-10-16,put,0.15,0.3,0.22499999999999998,0.5696,13.0,683.0,-0.0009
7666.4502,5600.0,0.0383,2026-10-16,put,0.2,0.35,0.275,0.5509,31.0,584.0,-0.0011
7666.4502,5700.0,0.0383,2026-10-16,put,0.2,0.35,0.275,0.523,0.0,1087.0,-0.0013
7666.4502,5800.0,0.0383,2026-10-16,put,0.25,0.45,0.35,0.5066,6.0,868.0,-0.0016
7666.4502,5850.0,0.0383,2026-10-16,put,0.3,0.45,0.375,0.4959,0.0,582.0,-0.0017
7666.4502,5900.0,0.0383,2026-10-16,put,0.35,0.5,0.425,0.4876,128.0,2931.0,-0.0019
7666.4502,5950.0,0.0383,2026-10-16,put,0.35,0.55,0.45,0.4763,10.0,1139.0,-0.0021
7666.4502,6000.0,0.0383,2026-10-16,call,1745.5,1753.0,1749.25,0.4668,88.0,802.0,0.9976
7666.4502,6000.0,0.0383,2026-10-16,put,0.4,0.55,0.47500000000000003,0.4648,246.0,6861.0,-0.0023
7666.4502,6050.0,0.0383,2026-10-16,put,0.45,0.6,0.525,0.4554,97.0,763.0,-0.0025
7666.4502,6100.0,0.0383,2026-10-16,put,0.5,0.65,0.575,0.4455,24.0,3107.0,-0.0028
7666.4502,6200.0,0.0383,2026-10-16,put,0.6,0.75,0.675,0.4246,26.0,23088.0,-0.0034
7666.4502,6250.0,0.0383,2026-10-16,put,0.65,0.8,0.7250000000000001,0.4138,7.0,32022.0,-0.0038
7666.4502,6300.0,0.0383,2026-10-16,put,0.7,0.85,0.7749999999999999,0.4026,19.0,23145.0,-0.0042
7666.4502,6325.0,0.0383,2026-10-16,put,0.75,0.9,0.825,0.3983,1.0,2479.0,-0.0044
7666.4502,6350.0,0.0383,2026-10-16,put,0.8,0.9,0.8500000000000001,0.3926,12.0,31606.0,-0.0046
7666.4502,6375.0,0.0383,2026-10-16,put,0.8,0.95,0.875,0.3868,1.0,2462.0,-0.0048
7666.4502,6400.0,0.0383,2026-10-16,put,0.85,1.0,0.925,0.3821,127.0,1274.0,-0.005
7666.4502,6500.0,0.0383,2026-10-16,put,1.0,1.15,1.075,0.3602,158.0,787.0,-0.0062
7666.4502,6600.0,0.0383,2026-10-16,put,1.15,1.3,1.225,0.3373,213.0,11051.0,-0.0075
7666.4502,6650.0,0.0383,2026-10-16,put,1.25,1.4,1.325,0.3263,98.0,11039.0,-0.0083
7666.4502,6670.0,0.0383,2026-10-16,put,1.3,1.45,1.375,0.3222,56.0,38.0,-0.0087
7666.4502,6680.0,0.0383,2026-10-16,put,1.3,1.5,1.4,0.32,106.0,118.0,-0.0088
7666.4502,6700.0,0.0383,2026-10-16,put,1.35,1.5,1.425,0.315,49.0,625.0,-0.0092
7666.4502,6725.0,0.0383,2026-10-16,put,1.4,1.6,1.5,0.3099,115.0,261.0,-0.0097
7666.4502,6740.0,0.0383,2026-10-16,put,1.45,1.6,1.525,0.3063,58.0,28.0,-0.01
7666.4502,6750.0,0.0383,2026-10-16,put,1.5,1.65,1.575,0.3047,5.0,503.0,-0.0102
7666.4502,6800.0,0.0383,2026-10-16,put,1.6,1.8,1.7000000000000002,0.2932,95.0,1015.0,-0.0114
7666.4502,6825.0,0.0383,2026-10-16,put,1.65,1.85,1.75,0.287,100.0,318.0,-0.012
7666.4502,6850.0,0.0383,2026-10-16,put,1.75,1.95,1.85,0.282,3.0,513.0,-0.0127
7666.4502,6900.0,0.0383,2026-10-16,put,1.9,2.1,2.0,0.2702,96.0,2743.0,-0.0143
7666.4502,6950.0,0.0383,2026-10-16,put,2.1,2.3,2.2,0.2592,18.0,521.0,-0.016
7666.4502,6975.0,0.0383,2026-10-16,put,2.25,2.4,2.325,0.2539,25.0,505.0,-0.0171
7666.4502,7000.0,0.0383,2026-10-16,call,749.1,756.6,752.85,0.2466,0.0,1062.0,0.9817
7666.4502,7000.0,0.0383,2026-10-16,put,2.35,2.55,2.45,0.2483,170.0,1821.0,-0.0182
7666.4502,7050.0,0.0383,2026-10-16,put,2.65,2.8,2.7249999999999996,0.2372,83.0,1108.0,-0.0208
7666.4502,7100.0,0.0383,2026-10-16,put,3.0,3.2,3.1,0.2266,136.0,3254.0,-0.0241
7666.4502,7110.0,0.0383,2026-10-16,put,3.0,3.3,3.15,0.2241,173.0,223.0,-0.0249
7666.4502,7115.0,0.0383,2026-10-16,put,3.1,3.3,3.2,0.2231,0.0,2602.0,-0.0253
7666.4502,7125.0,0.0383,2026-10-16,put,3.2,3.4,3.3,0.2211,17.0,621.0,-0.0261
7666.4502,7150.0,0.0383,2026-10-16,put,3.4,3.6,3.5,0.2155,18.0,1024.0,-0.0283
7666.4502,7175.0,0.0383,2026-10-16,put,3.7,3.9,3.8,0.2106,1.0,630.0,-0.0308
7666.4502,7200.0,0.0383,2026-10-16,put,4.0,4.2,4.1,0.2054,249.0,4024.0,-0.0337
7666.4502,7225.0,0.0383,2026-10-16,put,4.3,4.5,4.4,0.2,19.0,600.0,-0.037
7666.4502,7230.0,0.0383,2026-10-16,put,4.4,4.6,4.5,0.1992,3.0,566.0,-0.0377
7666.4502,7250.0,0.0383,2026-10-16,put,4.8,4.9,4.85,0.1957,31.0,2648.0,-0.0408
7666.4502,7275.0,0.0383,2026-10-16,put,5.2,5.4,5.300000000000001,0.1907,40.0,1230.0,-0.0451
7666.4502,7300.0,0.0383,2026-10-16,put,5.8,6.0,5.9,0.186,70.0,1820.0,-0.0502
7666.4502,7325.0,0.0383,2026-10-16,put,6.4,6.6,6.5,0.1814,9.0,721.0,-0.0561
7666.4502,7350.0,0.0383,2026-10-16,put,7.2,7.4,7.300000000000001,0.1768,163.0,3348.0,-0.0629
7666.4502,7375.0,0.0383,2026-10-16,put,8.1,8.3,8.2,0.1724,79.0,863.0,-0.0708
7666.4502,7380.0,0.0383,2026-10-16,put,8.3,8.5,8.4,0.1716,14.0,788.0,-0.0726
7666.4502,7400.0,0.0383,2026-10-16,put,9.2,9.3,9.25,0.1681,467.0,5503.0,-0.08
7666.4502,7405.0,0.0383,2026-10-16,put,9.4,9.6,9.5,0.1672,71.0,238.0,-0.082
7666.4502,7415.0,0.0383,2026-10-16,put,9.9,10.0,9.95,0.1655,75.0,216.0,-0.0862
7666.4502,7420.0,0.0383,2026-10-16,put,10.1,10.3,10.2,0.1647,67.0,209.0,-0.0884
7666.4502,7425.0,0.0383,2026-10-16,put,10.4,10.6,10.5,0.164,56.0,341.0,-0.0907
7666.4502,7430.0,0.0383,2026-10-16,put,10.7,10.8,10.75,0.1631,17.0,534.0,-0.093
7666.4502,7435.0,0.0383,2026-10-16,put,11.0,11.1,11.05,0.1623,134.0,592.0,-0.0954
7666.4502,7440.0,0.0383,2026-10-16,put,11.2,11.4,11.3,0.1614,111.0,323.0,-0.0979
7666.4502,7450.0,0.0383,2026-10-16,put,11.8,12.0,11.9,0.1599,377.0,1752.0,-0.1031
7666.4502,7455.0,0.0383,2026-10-16,put,12.2,12.4,12.3,0.159,135.0,190.0,-0.1058
7666.4502,7460.0,0.0383,2026-10-16,put,12.5,12.7,12.6,0.1582,118.0,361.0,-0.1086
7666.4502,7470.0,0.0383,2026-10-16,put,13.2,13.4,13.3,0.1566,50.0,495.0,-0.1144
7666.4502,7475.0,0.0383,2026-10-16,put,13.6,13.8,13.7,0.156,88.0,1235.0,-0.1175
7666.4502,7490.0,0.0383,2026-10-16,put,14.8,15.0,14.9,0.1535,100.0,461.0,-0.1272
7666.4502,7495.0,0.0383,2026-10-16,put,15.2,15.4,15.3,0.1528,40.0,605.0,-0.1306
7666.4502,7500.0,0.0383,2026-10-16,put,15.6,15.8,15.7,0.1519,695.0,3626.0,-0.1341
7666.4502,7515.0,0.0383,2026-10-16,put,17.0,17.2,17.1,0.1496,158.0,285.0,-0.1453
7666.4502,7525.0,0.0383,2026-10-16,call,241.9,248.4,245.15,0.1481,72.0,494.0,0.8466
7666.4502,7525.0,0.0383,2026-10-16,put,18.0,18.2,18.1,0.1481,142.0,853.0,-0.1533
7666.4502,7530.0,0.0383,2026-10-16,put,18.5,18.8,18.65,0.1473,79.0,395.0,-0.1575
7666.4502,7535.0,0.0383,2026-10-16,put,19.1,19.3,19.200000000000003,0.1467,57.0,312.0,-0.1618
7666.4502,7540.0,0.0383,2026-10-16,put,19.6,19.9,19.75,0.1459,141.0,181.0,-0.1662
7666.4502,7545.0,0.0383,2026-10-16,put,20.2,20.5,20.35,0.1452,165.0,182.0,-0.1708
7666.4502,7550.0,0.0383,2026-10-16,call,221.5,223.1,222.3,0.144,72.0,985.0,0.8245
7666.4502,7550.0,0.0383,2026-10-16,put,20.8,21.1,20.950000000000003,0.1444,285.0,6238.0,-0.1754
7666.4502,7555.0,0.0383,2026-10-16,put,21.5,21.7,21.6,0.1436,67.0,173.0,-0.1802
7666.4502,7560.0,0.0383,2026-10-16,put,22.1,22.3,22.200000000000003,0.1429,452.0,664.0,-0.1852
7666.4502,7570.0,0.0383,2026-10-16,put,23.5,23.7,23.6,0.1414,75.0,299.0,-0.1955
7666.4502,7575.0,0.0383,2026-10-16,call,199.8,201.4,200.60000000000002,0.1403,21.0,936.0,0.7991
7666.4502,7575.0,0.0383,2026-10-16,put,24.2,24.4,24.299999999999997,0.1406,298.0,1244.0,-0.2008
7666.4502,7580.0,0.0383,2026-10-16,put,24.9,25.2,25.049999999999997,0.1399,236.0,848.0,-0.2063
7666.4502,7585.0,0.0383,2026-10-16,put,25.7,25.9,25.799999999999997,0.1392,120.0,273.0,-0.212
7666.4502,7590.0,0.0383,2026-10-16,put,26.4,26.7,26.549999999999997,0.1385,93.0,447.0,-0.2178
7666.4502,7600.0,0.0383,2026-10-16,call,178.8,180.4,179.60000000000002,0.1365,64.0,980.0,0.7701
7666.4502,7600.0,0.0383,2026-10-16,put,28.1,28.3,28.200000000000003,0.137,346.0,2546.0,-0.2298
7666.4502,7610.0,0.0383,2026-10-16,put,29.8,30.1,29.950000000000003,0.1356,361.0,386.0,-0.2425
7666.4502,7615.0,0.0383,2026-10-16,put,30.7,31.0,30.85,0.1349,264.0,293.0,-0.2491
7666.4502,7620.0,0.0383,2026-10-16,call,162.5,164.0,163.25,0.1338,176.0,327.0,0.7441
7666.4502,7625.0,0.0383,2026-10-16,call,158.4,160.0,159.2,0.1331,165.0,879.0,0.7372
7666.4502,7625.0,0.0383,2026-10-16,put,32.7,32.9,32.8,0.1334,168.0,901.0,-0.2627
7666.4502,7630.0,0.0383,2026-10-16,call,154.5,156.0,155.25,0.1325,71.0,263.0,0.7301
7666.4502,7630.0,0.0383,2026-10-16,put,33.7,33.9,33.8,0.1326,198.0,758.0,-0.2698
7666.4502,7635.0,0.0383,2026-10-16,call,151.1,151.5,151.3,0.1319,156.0,159.0,0.7229
7666.4502,7635.0,0.0383,2026-10-16,put,34.7,35.0,34.85,0.132,166.0,169.0,-0.277
7666.4502,7640.0,0.0383,2026-10-16,call,147.2,147.6,147.39999999999998,0.1312,165.0,403.0,0.7155
7666.4502,7640.0,0.0383,2026-10-16,put,35.8,36.1,35.95,0.1313,99.0,371.0,-0.2845
7666.4502,7645.0,0.0383,2026-10-16,call,143.3,143.7,143.5,0.1305,84.0,114.0,0.7079
7666.4502,7645.0,0.0383,2026-10-16,put,36.9,37.2,37.05,0.1305,63.0,165.0,-0.292
7666.4502,7650.0,0.0383,2026-10-16,call,139.4,139.9,139.65,0.1298,469.0,806.0,0.7001
7666.4502,7650.0,0.0383,2026-10-16,put,38.0,38.3,38.15,0.1299,603.0,1646.0,-0.2998
7666.4502,7655.0,0.0383,2026-10-16,call,135.6,136.1,135.85,0.129,74.0,121.0,0.6922
7666.4502,7660.0,0.0383,2026-10-16,call,131.8,132.3,132.05,0.1284,92.0,122.0,0.6841
7666.4502,7660.0,0.0383,2026-10-16,put,40.5,40.8,40.65,0.1285,108.0,469.0,-0.3159
7666.4502,7665.0,0.0383,2026-10-16,call,128.2,128.7,128.45,0.1277,119.0,176.0,0.6758
7666.4502,7670.0,0.0383,2026-10-16,call,124.5,124.9,124.7,0.127,86.0,248.0,0.6673
7666.4502,7670.0,0.0383,2026-10-16,put,43.0,43.3,43.15,0.1272,85.0,321.0,-0.3326
7666.4502,7675.0,0.0383,2026-10-16,call,120.9,121.3,121.1,0.1264,143.0,779.0,0.6587
7666.4502,7675.0,0.0383,2026-10-16,put,44.4,44.7,44.55,0.1265,200.0,663.0,-0.3413
7666.4502,7680.0,0.0383,2026-10-16,call,117.2,117.6,117.4,0.1256,140.0,190.0,0.6499
7666.4502,7680.0,0.0383,2026-10-16,put,45.8,46.1,45.95,0.1258,158.0,457.0,-0.3501
7666.4502,7685.0,0.0383,2026-10-16,call,113.7,114.2,113.95,0.1249,56.0,148.0,0.6409
7666.4502,7690.0,0.0383,2026-10-16,call,110.1,110.6,110.35,0.1242,59.0,225.0,0.6317
7666.4502,7690.0,0.0383,2026-10-16,put,48.7,49.0,48.85,0.1244,155.0,335.0,-0.3682
7666.4502,7695.0,0.0383,2026-10-16,call,106.7,107.2,106.95,0.1237,602.0,665.0,0.6224
7666.4502,7695.0,0.0383,2026-10-16,put,50.2,50.5,50.35,0.1237,605.0,840.0,-0.3776
7666.4502,7700.0,0.0383,2026-10-16,call,103.3,103.8,103.55,0.1229,569.0,1576.0,0.6129
7666.4502,7700.0,0.0383,2026-10-16,put,51.7,52.1,51.900000000000006,0.123,401.0,2070.0,-0.3871
7666.4502,7705.0,0.0383,2026-10-16,call,99.9,100.3,100.1,0.1223,59.0,227.0,0.6032
7666.4502,7710.0,0.0383,2026-10-16,call,96.5,97.0,96.75,0.1216,153.0,406.0,0.5933
7666.4502,7715.0,0.0383,2026-10-16,call,93.3,93.7,93.5,0.121,106.0,264.0,0.5833
7666.4502,7720.0,0.0383,2026-10-16,call,90.1,90.5,90.3,0.1203,169.0,616.0,0.5732
7666.4502,7720.0,0.0383,2026-10-16,put,58.5,58.9,58.7,0.1205,50.0,526.0,-0.4268
7666.4502,7725.0,0.0383,2026-10-16,call,86.9,87.4,87.15,0.1197,201.0,1000.0,0.5628
7666.4502,7725.0,0.0383,2026-10-16,put,60.4,60.7,60.55,0.1199,30.0,510.0,-0.4371
7666.4502,7730.0,0.0383,2026-10-16,call,83.8,84.2,84.0,0.1191,417.0,552.0,0.5524
7666.4502,7730.0,0.0383,2026-10-16,put,62.3,62.6,62.45,0.1192,59.0,244.0,-0.4476
7666.4502,7750.0,0.0383,2026-10-16,call,72.0,72.5,72.25,0.1167,219.0,1479.0,0.5091
7666.4502,7750.0,0.0383,2026-10-16,put,70.3,70.7,70.5,0.1168,71.0,557.0,-0.4909
7666.4502,7760.0,0.0383,2026-10-16,call,66.4,66.8,66.6,0.1156,130.0,502.0,0.4868
7666.4502,7770.0,0.0383,2026-10-16,call,61.1,61.5,61.3,0.1144,191.0,279.0,0.4641
7666.4502,7775.0,0.0383,2026-10-16,call,58.5,58.9,58.7,0.114,142.0,1146.0,0.4526
7666.4502,7780.0,0.0383,2026-10-16,call,56.0,56.4,56.2,0.1135,72.0,388.0,0.4411
7666.4502,7785.0,0.0383,2026-10-16,call,53.6,54.0,53.8,0.1129,50.0,774.0,0.4295
7666.4502,7790.0,0.0383,2026-10-16,call,51.2,51.6,51.400000000000006,0.1125,81.0,773.0,0.418
7666.4502,7795.0,0.0383,2026-10-16,call,48.9,49.3,49.099999999999994,0.112,65.0,264.0,0.4064
7666.4502,7800.0,0.0383,2026-10-16,call,46.7,47.1,46.900000000000006,0.1114,388.0,2234.0,0.3948
7666.4502,7800.0,0.0383,2026-10-16,put,95.0,95.4,95.2,0.1116,24.0,647.0,-0.6052
7666.4502,7805.0,0.0383,2026-10-16,call,44.6,44.9,44.75,0.1111,55.0,251.0,0.3832
7666.4502,7810.0,0.0383,2026-10-16,call,42.5,42.8,42.65,0.1105,57.0,588.0,0.3716
7666.4502,7820.0,0.0383,2026-10-16,call,38.5,38.9,38.7,0.1097,102.0,329.0,0.3487
7666.4502,7825.0,0.0383,2026-10-16,call,36.6,37.0,36.8,0.1092,44.0,821.0,0.3373
7666.4502,7830.0,0.0383,2026-10-16,call,34.8,35.2,35.0,0.1088,88.0,271.0,0.326
7666.4502,7850.0,0.0383,2026-10-16,call,28.1,28.5,28.3,0.1074,526.0,2199.0,0.2821
7666.4502,7870.0,0.0383,2026-10-16,call,22.5,22.8,22.65,0.106,310.0,481.0,0.2406
7666.4502,7875.0,0.0383,2026-10-16,call,21.2,21.5,21.35,0.1058,274.0,1342.0,0.2308
7666.4502,7890.0,0.0383,2026-10-16,call,17.7,18.0,17.85,0.105,277.0,473.0,0.2024
7666.4502,7900.0,0.0383,2026-10-16,call,15.6,16.0,15.8,0.1045,409.0,3880.0,0.1847
7666.4502,7925.0,0.0383,2026-10-16,call,11.4,11.7,11.55,0.1037,138.0,3429.0,0.1447
7666.4502,7930.0,0.0383,2026-10-16,call,10.7,10.9,10.8,0.1035,266.0,445.0,0.1375
7666.4502,7950.0,0.0383,2026-10-16,call,8.2,8.4,8.3,0.1031,222.0,1862.0,0.1112
7666.4502,7955.0,0.0383,2026-10-16,call,7.6,7.9,7.75,0.103,98.0,316.0,0.1053
7666.4502,7970.0,0.0383,2026-10-16,call,6.2,6.5,6.35,0.1029,6.0,1270.0,0.0891
7666.4502,7975.0,0.0383,2026-10-16,call,5.8,6.0,5.9,0.1028,313.0,1183.0,0.0842
7666.4502,7980.0,0.0383,2026-10-16,call,5.4,5.7,5.550000000000001,0.103,24.0,1249.0,0.0795
7666.4502,7985.0,0.0383,2026-10-16,call,5.1,5.3,5.199999999999999,0.103,9.0,639.0,0.0751
7666.4502,7990.0,0.0383,2026-10-16,call,4.7,4.9,4.800000000000001,0.103,38.0,1146.0,0.0709
7666.4502,8000.0,0.0383,2026-10-16,call,4.1,4.3,4.199999999999999,0.103,373.0,2855.0,0.0632
7666.4502,8010.0,0.0383,2026-10-16,call,3.6,3.8,3.7,0.1033,32.0,869.0,0.0562
7666.4502,8025.0,0.0383,2026-10-16,call,3.0,3.2,3.1,0.1037,172.0,592.0,0.0473
7666.4502,8030.0,0.0383,2026-10-16,call,2.7,2.95,2.825,0.1038,5.0,566.0,0.0446
7666.4502,8040.0,0.0383,2026-10-16,call,2.4,2.6,2.5,0.1043,534.0,379.0,0.0398
7666.4502,8050.0,0.0383,2026-10-16,call,2.1,2.3,2.2,0.1048,151.0,3826.0,0.0356
7666.4502,8100.0,0.0383,2026-10-16,call,1.15,1.35,1.25,0.1084,58.0,612.0,0.0214
7666.4502,8150.0,0.0383,2026-10-16,call,0.7,0.9,0.8,0.1138,21.0,1839.0,0.014
7666.4502,8175.0,0.0383,2026-10-16,call,0.6,0.75,0.675,0.1172,11.0,544.0,0.0118
7666.4502,8200.0,0.0383,2026-10-16,call,0.5,0.65,0.575,0.1206,269.0,809.0,0.01
7666.4502,8250.0,0.0383,2026-10-16,call,0.35,0.5,0.425,0.1273,19.0,527.0,0.0076
7666.4502,8325.0,0.0383,2026-10-16,call,0.25,0.4,0.325,0.1393,0.0,517.0,0.0054
7666.4502,8350.0,0.0383,2026-10-16,call,0.25,0.35,0.3,0.1433,0.0,1100.0,0.0048
7666.4502,8400.0,0.0383,2026-10-16,call,0.2,0.35,0.275,0.1522,2.0,645.0,0.004
7666.4502,5200.0,0.0465,2026-10-19,put,0.1,0.25,0.175,0.585,106.0,257.0,-0.0006
7666.4502,6000.0,0.0465,2026-10-19,put,0.5,0.7,0.6,0.4322,345.0,1666.0,-0.0027
7666.4502,6100.0,0.0465,2026-10-19,put,0.6,0.8,0.7,0.413,44.0,909.0,-0.0033
7666.4502,6200.0,0.0465,2026-10-19,put,0.7,0.9,0.8,0.3931,48.0,944.0,-0.004
7666.4502,6300.0,0.0465,2026-10-19,put,0.85,1.05,0.95,0.3743,60.0,636.0,-0.0048
7666.4502,6550.0,0.0465,2026-10-19,put,1.3,1.45,1.375,0.3244,0.0,502.0,-0.0079
7666.4502,6675.0,0.0465,2026-10-19,put,1.55,1.75,1.65,0.2986,79.0,78.0,-0.0101
7666.4502,7100.0,0.0465,2026-10-19,put,3.5,3.9,3.7,0.2128,243.0,758.0,-0.0278
7666.4502,7400.0,0.0465,2026-10-19,put,10.7,11.1,10.899999999999999,0.1596,36.0,548.0,-0.0887
7666.4502,7490.0,0.0465,2026-10-19,put,16.9,17.3,17.1,0.1462,51.0,141.0,-0.1373
7666.4502,7500.0,0.0465,2026-10-19,put,17.8,18.3,18.05,0.1448,92.0,599.0,-0.1443
7666.4502,7525.0,0.0465,2026-10-19,put,20.4,20.9,20.65,0.1413,4.0,607.0,-0.1637
7666.4502,7590.0,0.0465,2026-10-19,put,29.3,29.9,29.6,0.1323,76.0,200.0,-0.2275
7666.4502,7600.0,0.0465,2026-10-19,put,31.0,31.6,31.3,0.131,84.0,372.0,-0.2393
7666.4502,7625.0,0.0465,2026-10-19,put,35.7,36.4,36.05,0.1276,58.0,306.0,-0.2713
7666.4502,7640.0,0.0465,2026-10-19,put,39.0,39.6,39.3,0.1257,80.0,244.0,-0.2924
7666.4502,7680.0,0.0465,2026-10-19,put,49.2,49.8,49.5,0.1206,51.0,154.0,-0.3553
7666.4502,7750.0,0.0465,2026-10-19,call,76.5,77.3,76.9,0.1122,62.0,353.0,0.5111
7666.4502,7770.0,0.0465,2026-10-19,call,65.5,66.3,65.9,0.11,88.0,135.0,0.4686
7666.4502,7820.0,0.0465,2026-10-19,call,42.4,43.1,42.75,0.1056,58.0,69.0,0.3592
7666.4502,7825.0,0.0465,2026-10-19,call,40.4,41.1,40.75,0.1052,27.0,760.0,0.3483
7666.4502,7840.0,0.0465,2026-10-19,call,34.9,35.6,35.25,0.104,58.0,103.0,0.3162
7666.4502,7975.0,0.0465,2026-10-19,call,7.2,7.6,7.4,0.0986,53.0,623.0,0.0968
7666.4502,8000.0,0.0465,2026-10-19,call,5.1,5.6,5.35,0.0983,74.0,477.0,0.074
7666.4502,8050.0,0.0465,2026-10-19,call,2.7,3.0,2.85,0.0996,38.0,780.0,0.0429
7666.4502,6000.0,0.0493,2026-10-20,put,0.6,0.8,0.7,0.4268,435.0,500.0,-0.0031
7666.4502,6200.0,0.0493,2026-10-20,put,0.85,1.05,0.95,0.3894,0.0,899.0,-0.0045
7666.4502,6675.0,0.0493,2026-10-20,put,1.75,2.0,1.875,0.2954,125.0,126.0,-0.0112
7666.4502,7050.0,0.0493,2026-10-20,put,3.6,3.9,3.75,0.2215,8.0,513.0,-0.0265
7666.4502,7100.0,0.0493,2026-10-20,put,4.1,4.4,4.25,0.212,13.0,509.0,-0.0307
7666.4502,7540.0,0.0493,2026-10-20,put,24.3,24.8,24.55,0.1404,2.0,577.0,-0.1843
7666.4502,7750.0,0.0493,2026-10-20,call,80.1,80.8,80.44999999999999,0.1137,81.0,1117.0,0.5128
7666.4502,7770.0,0.0493,2026-10-20,call,69.1,69.8,69.44999999999999,0.1118,145.0,100.0,0.4721
7666.4502,7800.0,0.0493,2026-10-20,call,54.3,54.8,54.55,0.1089,65.0,369.0,0.4093
7666.4502,7925.0,0.0493,2026-10-20,call,15.5,16.1,15.8,0.101,73.0,97.0,0.1718
7666.4502,7975.0,0.0493,2026-10-20,call,8.5,8.9,8.7,0.0999,58.0,142.0,0.1074
7666.4502,8000.0,0.0493,2026-10-20,call,6.2,6.6,6.4,0.0995,83.0,442.0,0.0833
7666.4502,5200.0,0.052,2026-10-21,put,0.15,0.35,0.25,0.5701,101.0,236.0,-0.0008
7666.4502,6000.0,0.052,2026-10-21,put,0.7,0.9,0.8,0.4217,100.0,984.0,-0.0035
7666.4502,6100.0,0.052,2026-10-21,put,0.85,1.05,0.95,0.4042,5.0,877.0,-0.0042
7666.4502,6300.0,0.052,2026-10-21,put,1.15,1.35,1.25,0.3657,52.0,110.0,-0.0061
7666.4502,6900.0,0.052,2026-10-21,put,3.0,3.3,3.15,0.2492,103.0,217.0,-0.02
7666.4502,7050.0,0.052,2026-10-21,put,4.2,4.5,4.35,0.2208,0.0,500.0,-0.0292
7666.4502,7100.0,0.052,2026-10-21,put,4.8,5.1,4.949999999999999,0.2118,2.0,653.0,-0.0338
7666.4502,7275.0,0.052,2026-10-21,put,8.2,8.6,8.399999999999999,0.1812,65.0,436.0,-0.0613
7666.4502,7300.0,0.052,2026-10-21,put,9.0,9.4,9.2,0.1771,63.0,497.0,-0.0676
7666.4502,7370.0,0.052,2026-10-21,put,11.9,12.4,12.15,0.1661,62.0,63.0,-0.0899
7666.4502,7500.0,0.052,2026-10-21,put,21.7,22.3,22.0,0.1472,57.0,109.0,-0.1597
7666.4502,7530.0,0.052,2026-10-21,put,25.2,25.8,25.5,0.1432,98.0,140.0,-0.1832
7666.4502,7550.0,0.052,2026-10-21,put,27.9,28.5,28.2,0.1405,83.0,259.0,-0.2009
7666.4502,7600.0,0.052,2026-10-21,call,188.1,192.6,190.35,0.1334,1.0,596.0,0.747
7666.4502,7600.0,0.052,2026-10-21,put,36.0,36.7,36.35,0.1339,48.0,696.0,-0.2529
7666.4502,7660.0,0.052,2026-10-21,put,49.3,50.0,49.65,0.1262,82.0,63.0,-0.3318
7666.4502,7700.0,0.052,2026-10-21,call,114.9,116.1,115.5,0.121,70.0,439.0,0.6048
7666.4502,7700.0,0.052,2026-10-21,put,60.9,61.7,61.3,0.1212,3.0,708.0,-0.3951
7666.4502,7775.0,0.052,2026-10-21,call,70.0,70.8,70.4,0.1128,31.0,580.0,0.4653
7666.4502,7775.0,0.052,2026-10-21,put,90.6,91.5,91.05,0.113,1.0,553.0,-0.5346
7666.4502,7800.0,0.052,2026-10-21,call,57.7,58.4,58.05,0.1106,73.0,183.0,0.4149
7666.4502,7875.0,0.052,2026-10-21,call,29.5,30.1,29.8,0.1049,28.0,1392.0,0.267
7666.4502,8000.0,0.052,2026-10-21,call,7.3,7.7,7.5,0.1007,2.0,1592.0,0.0922
7666.4502,5200.0,0.0548,2026-10-22,put,0.2,0.35,0.275,0.5605,197.0,418.0,-0.0009
7666.4502,6000.0,0.0548,2026-10-22,put,0.8,1.0,0.9,0.4177,10.0,1848.0,-0.0039
7666.4502,6100.0,0.0548,2026-10-22,put,0.95,1.15,1.0499999999999998,0.3986,52.0,165.0,-0.0047
7666.4502,6300.0,0.0548,2026-10-22,put,1.3,1.5,1.4,0.3616,92.0,181.0,-0.0068
7666.4502,6600.0,0.0548,2026-10-22,put,2.05,2.25,2.15,0.3052,3000.0,9036.0,-0.0118
7666.4502,6800.0,0.0548,2026-10-22,put,2.85,3.1,2.975,0.2671,3002.0,3025.0,-0.0175
7666.4502,7025.0,0.0548,2026-10-22,put,4.5,4.8,4.65,0.2248,277.0,266.0,-0.0298
7666.4502,7050.0,0.0548,2026-10-22,put,4.8,5.1,4.949999999999999,0.2204,169.0,230.0,-0.0319
7666.4502,7075.0,0.0548,2026-10-22,put,5.0,5.4,5.2,0.2158,259.0,268.0,-0.0343
7666.4502,7100.0,0.0548,2026-10-22,put,5.4,5.7,5.550000000000001,0.2114,158.0,284.0,-0.0369
7666.4502,7250.0,0.0548,2026-10-22,put,8.5,8.9,8.7,0.1858,55.0,160.0,-0.0604
7666.4502,7300.0,0.0548,2026-10-22,put,10.1,10.6,10.35,0.1777,214.0,388.0,-0.0728
7666.4502,7325.0,0.0548,2026-10-22,put,11.1,11.6,11.35,0.1738,124.0,362.0,-0.0801
7666.4502,7370.0,0.0548,2026-10-22,put,13.4,13.9,13.65,0.1671,144.0,138.0,-0.0959
7666.4502,7375.0,0.0548,2026-10-22,put,13.6,14.1,13.85,0.1662,70.0,204.0,-0.0979
7666.4502,7400.0,0.0548,2026-10-22,put,15.1,15.7,15.399999999999999,0.1626,81.0,115.0,-0.1085
7666.4502,7450.0,0.0548,2026-10-22,put,18.8,19.4,19.1,0.1554,138.0,407.0,-0.134
7666.4502,7520.0,0.0548,2026-10-22,put,26.1,26.7,26.4,0.1457,60.0,59.0,-0.1818
7666.4502,7525.0,0.0548,2026-10-22,put,26.7,27.4,27.049999999999997,0.1451,55.0,131.0,-0.1859
7666.4502,7530.0,0.0548,2026-10-22,put,27.4,28.0,27.7,0.1444,76.0,59.0,-0.19
7666.4502,7540.0,0.0548,2026-10-22,put,28.7,29.4,29.049999999999997,0.1431,73.0,90.0,-0.1986
7666.4502,7600.0,0.0548,2026-10-22,put,38.6,39.3,38.95,0.1352,59.0,383.0,-0.2588
7666.4502,7610.0,0.0548,2026-10-22,put,40.5,41.2,40.85,0.1339,52.0,56.0,-0.2704
7666.4502,7625.0,0.0548,2026-10-22,call,171.6,176.0,173.8,0.1314,75.0,31.0,0.7113
7666.4502,7630.0,0.0548,2026-10-22,call,167.8,172.1,169.95,0.1309,70.0,14.0,0.7049
7666.4502,7640.0,0.0548,2026-10-22,call,162.0,162.9,162.45,0.13,52.0,34.0,0.6919
7666.4502,7700.0,0.0548,2026-10-22,call,118.8,119.7,119.25,0.1226,227.0,821.0,0.603
7666.4502,7700.0,0.0548,2026-10-22,put,63.8,64.6,64.19999999999999,0.1227,508.0,979.0,-0.397
7666.4502,7760.0,0.0548,2026-10-22,call,81.7,82.6,82.15,0.1159,55.0,68.0,0.4972
7666.4502,7800.0,0.0548,2026-10-22,call,60.9,61.9,61.4,0.1121,136.0,2260.0,0.4202
7666.4502,7825.0,0.0548,2026-10-22,call,50.1,50.8,50.45,0.1099,66.0,139.0,0.3713
7666.4502,7850.0,0.0548,2026-10-22,call,40.4,41.1,40.75,0.1081,25.0,510.0,0.3232
7666.4502,7900.0,0.0548,2026-10-22,call,25.3,26.0,25.65,0.1051,59.0,191.0,0.2336
7666.4502,7925.0,0.0548,2026-10-22,call,19.6,20.3,19.950000000000003,0.104,65.0,230.0,0.1939
7666.4502,8025.0,0.0548,2026-10-22,call,6.4,6.8,6.6,0.102,54.0,90.0,0.0803
7666.4502,8050.0,0.0548,2026-10-22,call,4.8,5.1,4.949999999999999,0.1021,67.0,321.0,0.063
7666.4502,8100.0,0.0548,2026-10-22,call,2.7,3.0,2.85,0.1032,55.0,349.0,0.039
7666.4502,4600.0,0.0575,2026-10-23,put,0.05,0.2,0.125,0.6624,0.0,517.0,-0.0004
7666.4502,4800.0,0.0575,2026-10-23,put,0.1,0.25,0.175,0.627,0.0,869.0,-0.0006
7666.4502,5000.0,0.0575,2026-10-23,put,0.15,0.3,0.22499999999999998,0.5883,32.0,757.0,-0.0007
7666.4502,5200.0,0.0575,2026-10-23,put,0.25,0.4,0.325,0.5557,1.0,681.0,-0.001
7666.4502,5400.0,0.0575,2026-10-23,put,0.35,0.55,0.45,0.5215,58.0,2167.0,-0.0014
7666.4502,5600.0,0.0575,2026-10-23,put,0.5,0.7,0.6,0.4854,4.0,915.0,-0.0021
7666.4502,5800.0,0.0575,2026-10-23,put,0.7,0.9,0.8,0.4498,163.0,1294.0,-0.003
7666.4502,6000.0,0.0575,2026-10-23,call,1750.6,1758.6,1754.6,0.4209,0.0,1045.0,0.9956
7666.4502,6000.0,0.0575,2026-10-23,put,0.95,1.15,1.0499999999999998,0.4135,996.0,2415.0,-0.0043
7666.4502,6050.0,0.0575,2026-10-23,put,1.0,1.25,1.125,0.4057,15.0,838.0,-0.0047
7666.4502,6100.0,0.0575,2026-10-23,put,1.1,1.3,1.2000000000000002,0.3954,1.0,1394.0,-0.0052
7666.4502,6150.0,0.0575,2026-10-23,put,1.2,1.4,1.2999999999999998,0.3868,83.0,308.0,-0.0057
7666.4502,6200.0,0.0575,2026-10-23,put,1.3,1.5,1.4,0.3778,40.0,6955.0,-0.0062
7666.4502,6300.0,0.0575,2026-10-23,put,1.45,1.7,1.575,0.359,6.0,58122.0,-0.0074
7666.4502,6350.0,0.0575,2026-10-23,put,1.6,1.8,1.7000000000000002,0.3496,3.0,2934.0,-0.0081
7666.4502,6400.0,0.0575,2026-10-23,put,1.7,1.9,1.7999999999999998,0.3404,111.0,60994.0,-0.0089
7666.4502,6500.0,0.0575,2026-10-23,put,2.0,2.2,2.1,0.3216,22.0,592.0,-0.0106
7666.4502,6600.0,0.0575,2026-10-23,put,2.35,2.5,2.425,0.3029,0.0,876.0,-0.0128
7666.4502,6625.0,0.0575,2026-10-23,put,2.4,2.6,2.5,0.2983,303.0,334.0,-0.0134
7666.4502,6650.0,0.0575,2026-10-23,put,2.55,2.7,2.625,0.2936,0.0,696.0,-0.0141
7666.4502,6700.0,0.0575,2026-10-23,put,2.75,2.9,2.825,0.2841,22.0,500.0,-0.0155
7666.4502,6750.0,0.0575,2026-10-23,put,3.0,3.2,3.1,0.2752,3.0,812.0,-0.0171
7666.4502,6800.0,0.0575,2026-10-23,put,3.2,3.5,3.35,0.2656,11.0,944.0,-0.019
7666.4502,6850.0,0.0575,2026-10-23,put,3.5,3.8,3.65,0.2568,14.0,845.0,-0.0211
7666.4502,6900.0,0.0575,2026-10-23,put,3.9,4.1,4.0,0.247,1.0,1488.0,-0.0236
7666.4502,6925.0,0.0575,2026-10-23,put,4.1,4.3,4.199999999999999,0.2424,2.0,646.0,-0.0251
7666.4502,7000.0,0.0575,2026-10-23,call,757.0,765.0,761.0,0.2292,0.0,986.0,0.9698
7666.4502,7000.0,0.0575,2026-10-23,put,4.8,5.1,4.949999999999999,0.2291,31.0,2114.0,-0.0302
7666.4502,7025.0,0.0575,2026-10-23,put,5.1,5.4,5.25,0.2247,7.0,738.0,-0.0322
7666.4502,7050.0,0.0575,2026-10-23,put,5.4,5.7,5.550000000000001,0.2205,15.0,1082.0,-0.0345
7666.4502,7075.0,0.0575,2026-10-23,put,5.7,6.0,5.85,0.2158,5.0,513.0,-0.037
7666.4502,7100.0,0.0575,2026-10-23,put,6.1,6.4,6.25,0.2116,198.0,1088.0,-0.0398
7666.4502,7150.0,0.0575,2026-10-23,put,7.0,7.3,7.15,0.203,26.0,623.0,-0.0463
7666.4502,7170.0,0.0575,2026-10-23,put,7.4,7.8,7.6,0.1998,2.0,516.0,-0.0493
7666.4502,7200.0,0.0575,2026-10-23,put,8.2,8.5,8.35,0.1948,81.0,532.0,-0.0544
7666.4502,7225.0,0.0575,2026-10-23,put,8.8,9.1,8.95,0.1906,41.0,566.0,-0.0591
7666.4502,7250.0,0.0575,2026-10-23,put,9.6,9.9,9.75,0.1868,30.0,904.0,-0.0645
7666.4502,7290.0,0.0575,2026-10-23,put,10.9,11.3,11.100000000000001,0.1802,111.0,82.0,-0.0744
7666.4502,7300.0,0.0575,2026-10-23,put,11.5,11.8,11.65,0.179,42.0,1124.0,-0.0772
7666.4502,7325.0,0.0575,2026-10-23,put,12.6,12.8,12.7,0.175,69.0,566.0,-0.0848
7666.4502,7350.0,0.0575,2026-10-23,put,13.8,14.1,13.95,0.1713,65.0,999.0,-0.0933
7666.4502,7375.0,0.0575,2026-10-23,put,15.2,15.5,15.35,0.1675,181.0,1059.0,-0.1029
7666.4502,7390.0,0.0575,2026-10-23,put,15.9,16.5,16.2,0.1652,42.0,787.0,-0.1092
7666.4502,7400.0,0.0575,2026-10-23,put,16.8,17.1,16.950000000000003,0.1639,64.0,1517.0,-0.1136
7666.4502,7425.0,0.0575,2026-10-23,put,18.6,19.0,18.8,0.1604,163.0,698.0,-0.1257
7666.4502,7440.0,0.0575,2026-10-23,put,19.8,20.2,20.0,0.1582,31.0,1102.0,-0.1337
7666.4502,7450.0,0.0575,2026-10-23,put,20.7,21.1,20.9,0.1569,431.0,929.0,-0.1393
7666.4502,7475.0,0.0575,2026-10-23,put,23.1,23.4,23.25,0.1533,223.0,438.0,-0.1546
7666.4502,7480.0,0.0575,2026-10-23,put,23.4,24.0,23.7,0.1525,62.0,187.0,-0.1578
7666.4502,7500.0,0.0575,2026-10-23,put,25.8,26.2,26.0,0.1499,58.0,1775.0,-0.1716
7666.4502,7550.0,0.0575,2026-10-23,put,32.4,32.8,32.599999999999994,0.1433,73.0,377.0,-0.2121
7666.4502,7575.0,0.0575,2026-10-23,put,36.4,36.9,36.65,0.14,115.0,368.0,-0.2359
7666.4502,7580.0,0.0575,2026-10-23,put,37.1,37.8,37.45,0.1393,117.0,187.0,-0.2409
7666.4502,7600.0,0.0575,2026-10-23,put,41.0,41.4,41.2,0.1368,332.0,1843.0,-0.2622
7666.4502,7615.0,0.0575,2026-10-23,put,43.8,44.5,44.15,0.1349,89.0,62.0,-0.2793
7666.4502,7625.0,0.0575,2026-10-23,put,46.1,46.6,46.35,0.1336,350.0,502.0,-0.2913
7666.4502,7630.0,0.0575,2026-10-23,put,47.1,47.8,47.45,0.1329,87.0,155.0,-0.2975
7666.4502,7635.0,0.0575,2026-10-23,call,170.7,171.6,171.14999999999998,0.1326,86.0,65.0,0.6962
7666.4502,7640.0,0.0575,2026-10-23,put,49.4,50.1,49.75,0.1317,145.0,324.0,-0.3101
7666.4502,7650.0,0.0575,2026-10-23,call,159.3,160.2,159.75,0.1306,217.0,566.0,0.6767
7666.4502,7650.0,0.0575,2026-10-23,put,52.0,52.5,52.25,0.1305,146.0,899.0,-0.3232
7666.4502,7660.0,0.0575,2026-10-23,call,151.8,153.0,152.4,0.1293,171.0,255.0,0.6631
7666.4502,7660.0,0.0575,2026-10-23,put,54.4,55.1,54.75,0.1292,268.0,328.0,-0.3368
7666.4502,7665.0,0.0575,2026-10-23,put,55.7,56.5,56.1,0.1287,77.0,49.0,-0.3438
7666.4502,7670.0,0.0575,2026-10-23,call,144.6,145.8,145.2,0.1281,145.0,295.0,0.649
7666.4502,7670.0,0.0575,2026-10-23,put,57.1,57.9,57.5,0.128,223.0,385.0,-0.3509
7666.4502,7675.0,0.0575,2026-10-23,call,141.2,142.2,141.7,0.1274,175.0,280.0,0.6418
7666.4502,7675.0,0.0575,2026-10-23,put,58.6,59.2,58.900000000000006,0.1275,224.0,421.0,-0.3581
7666.4502,7680.0,0.0575,2026-10-23,call,137.4,138.6,138.0,0.1268,61.0,112.0,0.6345
7666.4502,7680.0,0.0575,2026-10-23,put,59.9,60.7,60.3,0.1268,120.0,275.0,-0.3655
7666.4502,7690.0,0.0575,2026-10-23,call,130.6,131.7,131.14999999999998,0.1258,69.0,216.0,0.6195
7666.4502,7695.0,0.0575,2026-10-23,call,127.2,128.0,127.6,0.125,60.0,60.0,0.6118
7666.4502,7700.0,0.0575,2026-10-23,call,123.6,124.8,124.19999999999999,0.1244,173.0,822.0,0.604
7666.4502,7700.0,0.0575,2026-10-23,put,66.2,66.7,66.45,0.1244,308.0,1634.0,-0.396
7666.4502,7710.0,0.0575,2026-10-23,call,117.0,117.9,117.45,0.1232,87.0,233.0,0.5881
7666.4502,7720.0,0.0575,2026-10-23,call,110.4,111.6,111.0,0.1221,76.0,137.0,0.5717
7666.4502,7725.0,0.0575,2026-10-23,call,107.5,108.2,107.85,0.1216,81.0,668.0,0.5634
7666.4502,7740.0,0.0575,2026-10-23,put,80.3,81.2,80.75,0.1199,6.0,765.0,-0.4622
7666.4502,7750.0,0.0575,2026-10-23,call,92.2,92.9,92.55000000000001,0.1188,58.0,494.0,0.5202
7666.4502,7775.0,0.0575,2026-10-23,call,78.2,78.9,78.55000000000001,0.1164,822.0,1167.0,0.4749
7666.4502,7800.0,0.0575,2026-10-23,call,65.5,66.1,65.8,0.114,75.0,1590.0,0.4283
7666.4502,7810.0,0.0575,2026-10-23,call,60.8,61.6,61.2,0.113,5.0,2087.0,0.4094
7666.4502,7840.0,0.0575,2026-10-23,call,48.0,48.7,48.35,0.1105,106.0,347.0,0.3529
7666.4502,7850.0,0.0575,2026-10-23,call,44.2,44.8,44.5,0.1098,110.0,774.0,0.3344
7666.4502,7875.0,0.0575,2026-10-23,call,35.7,36.2,35.95,0.1082,30.0,783.0,0.2892
7666.4502,7890.0,0.0575,2026-10-23,call,31.1,31.7,31.4,0.1073,27.0,671.0,0.2632
7666.4502,7900.0,0.0575,2026-10-23,call,28.4,28.8,28.6,0.1067,1479.0,2615.0,0.2464
7666.4502,7910.0,0.0575,2026-10-23,call,25.7,26.4,26.049999999999997,0.1064,58.0,87.0,0.2302
7666.4502,7925.0,0.0575,2026-10-23,call,22.3,22.7,22.5,0.1057,156.0,626.0,0.2069
7666.4502,7950.0,0.0575,2026-10-23,call,17.4,17.7,17.549999999999997,0.1046,75.0,1898.0,0.1714
7666.4502,7960.0,0.0575,2026-10-23,call,15.6,16.2,15.899999999999999,0.1045,51.0,139.0,0.1583
7666.4502,7970.0,0.0575,2026-10-23,call,14.0,14.4,14.2,0.1039,18.0,561.0,0.1459
7666.4502,7975.0,0.0575,2026-10-23,call,13.4,13.7,13.55,0.104,301.0,659.0,0.14
7666.4502,8000.0,0.0575,2026-10-23,call,10.2,10.5,10.35,0.1034,195.0,1832.0,0.1131
7666.4502,8025.0,0.0575,2026-10-23,call,7.7,8.0,7.85,0.1031,56.0,620.0,0.0905
7666.4502,8030.0,0.0575,2026-10-23,call,7.3,7.7,7.5,0.1032,55.0,101.0,0.0865
7666.4502,8040.0,0.0575,2026-10-23,call,6.5,6.9,6.7,0.1031,92.0,134.0,0.0789
7666.4502,8050.0,0.0575,2026-10-23,call,5.9,6.1,6.0,0.1033,120.0,726.0,0.072
7666.4502,8100.0,0.0575,2026-10-23,call,3.3,3.7,3.5,0.104,43.0,584.0,0.0453
7666.4502,8125.0,0.0575,2026-10-23,call,2.6,2.85,2.725,0.1051,13.0,976.0,0.0362
7666.4502,8250.0,0.0575,2026-10-23,call,0.9,1.05,0.9750000000000001,0.1143,9.0,959.0,0.0138
7666.4502,8500.0,0.0575,2026-10-23,call,0.25,0.35,0.3,0.1412,20.0,1200.0,0.0042
7666.4502,8600.0,0.0575,2026-10-23,call,0.15,0.25,0.2,0.1512,0.0,918.0,0.0029
